# re,im (signed integer codes)
-9073,-12980
362,3482
4191,-936
863,6941
4886,193
16478,9169
-8366,-526
5348,2244
-9426,1540
1944,5116
-2899,1828
7488,-12168
-4867,-14286
2938,7229
-7157,-1915
-12214,-1930
2459,-4996
9804,-7408
2942,-4221
-5670,-1300
1517,3182
4339,4201
6738,7061
-6548,-3509
3938,-355
1987,7354
-184,-926
74,-5602
-3843,-2437
-3511,482
7530,-12444
1464,10390
-2724,3589
-14096,9839
-4959,-1951
-2860,-22
-7259,-3221
-7526,2942
4672,9029
-1399,10151
-9615,-1336
-7553,-3318
-1696,-6811
6306,6502
-8522,316
8995,-647
-2757,-886
-9680,-1244
2902,5628
8129,-2824
-1255,9201
3670,-5425
-1799,2726
-63,13002
9421,-9403
5067,-6032
-6803,-5158
15837,3918
-5777,3800
4797,3222
2817,-1178
-478,593
1145,-8010
-927,-10891
4735,-9967
-4031,-6349
-6642,-5140
2688,2505
9828,-3209
-773,11388
9635,10608
-500,-4163
8809,-6745
5449,2854
2956,-7567
5301,-5962
-4735,10227
554,-4399
-8885,8242
-10069,3985
5197,-5295
-844,7283
5688,-7448
741,-8082
-4374,-5081
16372,-1446
7789,-1243
969,-5671
125,-6847
9349,-4951
-1821,7241
8624,-2571
3703,-2638
-7478,-3751
4204,628
6320,-11250
3091,886
5453,-13782
7776,-2314
-2780,-4586
12750,-5193
914,195
4716,3873
-8939,-8716
5716,1895
4083,-2248
-3302,-7884
3862,-918
2858,5294
5665,-13044
4049,3197
-3136,820
310,-4665
-9609,-4302
121,2831
-2918,-1123
6046,10486
7594,-8637
3627,-4397
-10476,3050
2947,-2826
-6251,-141
2476,-1297
895,3047
-6170,-1927
-7466,-4015
4744,-3315
11991,1454
-281,447
1842,-2624
-3102,101
-1530,-330
-9463,5084
468,-3118
1075,-5199
-1744,6097
605,-5381
-2020,5162
7566,-5133
-432,-4717
1489,5721
5435,7729
1075,-4209
2285,-10184
-10326,-1508
-1409,-6059
10830,-7199
2209,261
5792,-2952
2223,18684
10645,-1838
-4233,-1121
-4566,1261
3718,4014
4447,-243
1794,7517
1674,5863
-3766,5871
5857,10890
205,-2215
2820,-367
-2704,9946
11600,-3004
-2546,2821
943,-1457
-6238,-1572
-4594,-97
-259,-6825
-4654,-2196
712,-2174
-4751,-9460
689,6286
158,1110
6968,4153
-2856,219
-6224,1529
-4538,6743
-12241,-605
-12381,5136
5691,-5435
12023,3363
-2167,2430
522,4797
-2557,1786
5384,6076
-980,2564
-703,-3434
-868,2325
-9157,-8003
4680,-15594
-6915,4256
12513,2668
7620,-4442
1072,1992
-15444,1719
207,603
4178,-5589
2119,-911
-3656,-7328
11413,7661
4136,2512
-1300,7553
12128,-16548
2246,-5233
902,-10350
2192,-5362
6871,-12712
1770,8965
1243,-245
1421,-779
10743,-9440
445,-10293
-7648,20
-4360,-10
-2776,-5263
6107,24
6644,4406
-1893,-2766
4,-6016
-1667,-3584
-8116,1462
-6229,6957
-7418,-1664
1543,-1377
4519,7269
-827,-8104
-2745,10871
3890,-12712
-5271,4838
-11257,-4008
-417,4159
1829,12728
-6136,-3593
-8112,4981
-3967,3613
-7928,-1513
-1746,-4432
-1615,581
792,4229
5050,-3185
-167,2850
3147,-2319
2473,-8184
-9172,292
-1384,1925
-6174,-4989
-6683,2946
324,-3109
5922,3855
3511,7136
2429,-7392
7997,7304
-331,-1871
-3900,-1116
-2621,1006
-3121,6286
-10879,-479
6834,8023
-986,-4886
-682,10225
-2688,-1033
137,356
-3269,-10765
5221,-5461
-9213,2399
3776,-641
435,7347
6454,-3906
7835,-472
7704,-9597
-20,-914
-4974,-1525
8195,-1074
-5949,-7130
1576,-10466
-2813,-6333
1010,-10217
10943,-1524
3583,6749
2057,-7082
-297,-67
2237,-5655
4732,9439
3371,-1323
-5015,-228
-3596,-4805
246,3523
4352,4083
2472,6604
-899,1986
-10568,500
-6863,675
8118,-3507
-2711,-6033
7181,11789
1594,4711
-3343,-1802
-9609,1785
-1742,931
-3684,-7533
-6702,-2896
-2006,290
7734,2430
9617,4024
-10633,-2713
-1615,-1257
-2034,2672
1836,-1091
4272,-3577
2048,2143
302,-7773
-8647,-7234
-5275,-2713
-2387,5051
-3559,5887
-8947,4077
-7092,621
4041,3561
-6417,1265
-2583,-2357
-3632,-2027
1889,7976
-3138,2036
-6407,2377
-3177,-3107
5456,-4044
8516,4861
3778,1076
1717,-1618
-2911,10896
3336,-1551
8764,10413
10461,-10323
-7690,-2567
-5321,-5548
13767,8479
-1738,-6055
6448,-2483
-3382,-3895
6088,4849
7605,6711
-8562,640
-12707,3769
545,-4060
-6400,13255
-1321,-4673
6257,-400
5639,-480
6384,646
-9421,6371
3495,5052
-7327,12807
-3977,3664
4040,-3613
4987,526
1506,14177
2875,-3601
-850,4856
-6748,-3616
-3571,12106
2704,4648
-5826,-2564
-5390,-4712
-8583,8886
-5974,-2013
-1187,-7570
-1057,1933
10203,2714
7796,4381
-7552,-3486
8041,-5330
-1927,178
10266,3325
-3560,-221
1152,2424
3156,8322
5977,8227
6013,-6473
2255,1959
-6282,2922
-3096,-7876
-3764,-952
-2235,5691
-5437,907
31,-3734
-11778,-1780
-1353,-1239
-1272,-9064
87,3123
1966,-5830
3037,-238
-279,479
-4511,1949
13727,-5645
1938,-96
8623,-264
3819,-2191
-8709,-1692
-1099,4060
-1780,-6650
4167,-1043
-354,-3839
-2303,2742
7732,-7189
-3427,3063
-296,6899
552,7929
-3023,-1475
7496,-6625
14469,-2303
-8945,-10285
-451,3587
7819,11770
-497,-4824
3543,4281
-3385,1442
349,3818
2239,11102
1221,1294
-3336,7961
-1700,-2493
-770,1810
3297,3393
4558,-1329
3507,-5536
-1047,98
3195,-8488
-1965,3686
3757,-7594
-2483,-5196
2706,-3646
-729,-13197
9219,2831
2971,12606
10343,3772
533,5037
-1237,-9910
9403,-8312
1876,-7038
-2611,-416
10437,3080
12,-2570
-8293,-4925
716,-7518
-3859,4715
1064,-3835
-1047,-2586
-4390,-7280
-8574,5392
-3115,-1746
-3058,-5242
-8789,-5504
4313,-3357
5192,6722
2193,3321
9593,2777
-252,4635
-2584,-4125
-1778,-812
10931,3096
-411,-2053
-1993,-3361
4676,2212
7635,-10017
-5795,-18959
-2333,1503
-4674,-8627
8096,-9766
-4159,-7901
6289,-9076
-3954,-8178
-1383,-2354
701,9704
-8162,6428
9236,-9417
722,875
2294,-5413
-1262,11049
3473,-1865
-1722,-2569
-9308,-6684
-11802,-5823
8041,1602
-7369,7108
-12440,-2087
1469,4282
-3042,2240
1635,-4636
8987,3641
4146,-7386
-3718,839
9440,5434
2135,193
6122,3441
5436,1424
9375,-6808
5879,-5389
6361,5468
-3430,-644
-6685,-13851
4117,1139
3739,-695
5819,-3745
2642,6784
3016,-3377
-8718,2772
5921,-6910
-10271,-7693
6102,12029
-4622,494
-185,3167
11716,2662
1365,5542
-10630,454
-8420,4751
-2955,2236
1635,-5571
-2276,-8261
-4132,12088
5431,-7434
-5582,-5105
16430,-2215
-2385,2968
-694,-7822
-2510,-120
-2012,4887
8491,3994
-962,2008
-5358,54
-3605,-977
2170,1567
-5633,-266
8330,-9585
-523,921
-4574,14521
-6745,8612
10040,6369
-3419,1566
4735,419
-867,-1728
-1548,8038
5951,7648
9918,-715
3285,-1403
-1534,-1854
-8871,-8135
5612,-7699
-2802,12115
-9735,162
1502,4753
-263,-1319
-4464,-1750
-5627,4675
-4478,6857
-9102,-1910
8568,2166
4273,3381
-4637,-1494
1635,-2209
304,5538
1588,11440
-125,10730
6507,4111
-5363,-6921
999,4419
-4584,-7939
10054,-235
-8634,-3125
-6824,-2814
6628,-4316
-1215,5417
3937,-13195
-4715,-10825
10341,-3037
-488,7909
148,1665
-1105,-4911
-9878,15414
-7567,-6369
-1315,5015
-4835,-1657
7357,-2540
4758,2732
3417,-4852
11266,-831
6163,679
2579,10461
9236,3450
-11210,-7673
1876,9190
-1135,-5492
1218,1719
368,7718
-1813,573
6569,11796
-6447,2256
6845,4390
-7691,7651
-7133,-1184
-4861,-1151
607,7193
-61,-753
-1673,4803
-1468,4241
-7468,-3546
10888,7638
2933,5838
-108,3505
-1757,-8689
-3430,-3461
3199,966
-6060,5787
-6914,-1753
-7004,9268
8722,-9183
4126,-7095
197,-5670
-2514,2436
5214,1253
4990,101
-10481,-981
152,-6133
-6251,-11737
-6085,-4821
11235,-638
10232,610
2385,6530
-2278,5872
6368,-4126
9961,2691
-30,-4709
-7179,1874
9368,5947
-8858,-8279
-13005,10325
-2128,-2501
-6972,-247
-3645,-7406
20,5566
4002,-1441
4480,250
1285,-29
-595,11391
-1711,-4657
-4212,7535
-1860,6005
-2792,-3879
11260,-703
-589,2785
-933,3870
4936,1384
-812,3390
-3104,4823
-5713,1819
4616,5225
-1759,-8240
3865,-5893
-9764,7388
442,2920
2796,-3146
-556,6809
11030,-7806
-1813,634
-7261,6429
16375,-6582
4546,-2357
144,2592
12310,-1176
5963,1958
-1688,5327
1453,5928
-620,411
2745,-7569
-618,6111
4995,-8173
-11355,-845
3723,1315
-826,-5857
-358,2300
-2209,-4229
-1540,5212
10392,5643
2828,9037
3293,-3395
5136,-1010
5533,-7960
-4334,3582
-3693,-1987
2159,747
3168,509
2658,-3739
-643,6782
4845,-11925
813,-4626
-6918,3077
1970,4095
-7104,-3898
-3149,-2357
5649,2063
-2167,-1216
2224,4975
4278,9190
-698,3232
5089,937
3014,1808
3630,-139
5880,5974
-5047,-2363
-4990,-2010
9562,-314
3073,4595
-4273,2571
8166,-10045
-7373,3264
5624,2692
-3057,-249
876,-5675
10543,-1675
-1288,15348
-3682,5922
3424,6183
-4077,-819
8326,3592
9444,9726
-2702,-16
-4781,-3205
-13377,1657
7847,-12669
-7121,-4930
1892,99
1017,-8607
5598,25
-5228,-1053
6873,1424
-4920,370
1366,-646
-10975,4462
-6970,-7875
3268,2282
1759,5957
2741,4852
8344,-2482
-2596,406
-731,359
562,7475
-7819,6586
3694,-2364
20,-3072
5499,5044
3694,-10165
8032,1121
1080,-2547
2666,2625
2556,-2821
817,-2942
-8574,-171
5559,3239
-6263,8013
-4163,1548
-2742,996
4691,3698
13305,-6534
-41,-2082
10125,-3495
-277,7979
5808,2565
-4729,-5969
653,78
-4018,9437
-5049,7983
-7982,-7433
6489,-7745
4047,-2943
1048,-2798
-1930,6305
-602,319
1030,-1246
-4843,-9794
-477,10346
-5016,-3020
4515,9355
-5781,-608
2912,-585
2781,2145
-2876,-2127
2380,-11959
4485,-3134
2226,2215
50,2529
-2031,8561
2926,3534
-10490,1288
3673,-10933
-2583,-2724
-865,6092
-179,7483
-6494,-13407
-864,-13983
-6156,-8735
-7827,5800
-3665,-171
7564,-7250
15826,-4075
-1273,19031
2990,8666
-6410,-7386
-5686,-1911
-233,-1665
6544,-1212
-11962,3532
-6154,-5321
3228,7875
-2992,2850
-2178,3356
-2107,2316
7214,-5867
1595,-2052
-2119,-4629
8307,3270
2032,-11787
5900,-1163
-9117,-14048
-8006,-1000
10368,994
-1509,-1555
-8376,6030
339,10854
3394,-7198
3891,3280
2478,-3619
-548,-462
400,-2196
-7221,10577
-6123,-8913
176,-1502
2201,1309
6624,-4056
-15660,3716
-12584,6164
1387,6125
2298,2913
-270,2310
1963,7713
-220,3775
2628,-4758
-693,-2989
-875,-340
-6187,3406
-741,810
4968,2103
10082,-7240
-908,7038
2047,7379
1076,181
-9288,-3364
-1138,-6984
178,-1013
23097,-6855
-10503,-2831
-4662,6304
-12369,-13511
-2106,-3945
-2046,-81
96,2068
6972,-236
-1747,13727
-2605,4087
-9419,-10578
-5174,5075
-541,-9515
4112,4004
-7613,849
13136,55
2930,403
-706,1555
-736,-2398
4406,-3002
-1966,-8391
-9402,1278
-5593,-6819
-6812,4823
1411,-6143
-1318,-555
2771,-1386
-3991,-2332
6163,3419
522,4491
-2813,5095
-2640,-427
-4770,-2942
-2112,-4558
1656,-3449
-7995,-1908
-1953,-1056
-4649,-8551
-4380,7399
2258,-5613
975,-8185
3895,2014
1235,-4383
-1502,3823
-1686,-5231
12167,-883
36,6937
-1105,5107
-496,9873
-1296,-2321
-2095,-220
20728,-6423
8093,6029
6348,1946
-3465,-5614
-2187,-632
2250,3166
4252,-8952
1262,-10033
-6552,3401
-2552,-850
2483,7391
-7345,-1274
13537,-1850
1289,797
911,-4384
-2059,3753
5023,-4089
-2067,9046
-3619,-3704
7319,10290
1784,12106
468,12331
-3383,5063
4631,-11058
3105,3859
5481,-5139
-6643,-718
3302,3866
-6187,5157
6403,-3256
418,-484
-2163,-5375
1031,-34
-8587,5606
2383,5719
5502,-4906
-6048,-8084
-1168,3599
2049,6626
4159,-9216
-8728,-10771
-6234,-8380
7000,3803
-6784,-1745
1529,-4003
-9004,2483
1627,3363
-6559,4075
-1602,-10679
6755,-2800
2186,5713
6263,100
-939,1124
3091,9927
-5781,6516
6624,1392
2029,5827
-1315,3718
10246,-390
-2607,-2106
-6827,2950
-383,529
1387,1122
4806,-3001
-4499,-1890
2878,10455
-1776,8217
2575,925
1243,-8224
-401,-1159
-7134,-9927
-2728,949
-5944,770
-1717,1162
16418,-8988
-1918,9675
-3956,622
10254,3985
-3031,-1013
6112,-5522
5029,1425
5908,-2608
-991,9088
-2642,5827
289,-4427
11535,1312
1594,-7055
-5590,2312
4435,602
423,3065
2112,708
-3714,3707
762,5738
5244,-2350
5647,215
-34,-3188
-457,4275
-727,1328
1648,-2599
1975,-7176
-4341,-2606
5248,719
4013,1467
-340,4518
4891,1569
-310,80
-1940,6439
-2977,1188
-7284,-272
2902,-3248
-4868,110
-2067,457
-2151,8502
3809,-3147
-8945,7136
5922,7104
166,2203
-7465,5902
12808,-5803
399,-2257
-746,7250
1309,-934
2337,-3924
4585,-5609
1807,-7205
6928,-1378
9854,12710
-8516,-1262
-2119,1015
11135,12869
-932,-2790
-15123,-3604
-525,-4623
526,2012
4221,6768
-11947,-8950
3865,214
-4584,-2172
3357,764
-1886,-6092
10331,261
-5014,281
-6022,69
2476,-4705
-4440,-5660
2504,344
149,-9858
-3526,-20
158,4844
8034,3511
-4755,11171
-4707,1153
-765,3382
9464,-727
1593,-4476
115,-784
-320,1133
5756,2832
3105,3624
1786,-4325
1276,7757
12983,-5449
-4044,9429
-7853,-5413
-3231,4670
-281,-4475
2553,-13523
-232,7168
5270,1466
3105,10848
11463,-4095
1301,-2573
-2079,-1238
4115,-9771
-2359,56
9045,-4830
9230,-6087
5766,3283
-1023,-10385
-368,-8112
1998,3942
142,-1838
2831,-3812
-5949,10588
-3253,-4211
10681,1528
-293,5066
-2007,-6041
3485,-3687
-1571,-1534
-743,-6610
-2120,-7093
3038,435
567,-102
-1393,-13882
10314,-4226
-1842,-9102
1866,79
11810,8083
-3326,-11246
-1032,3043
3129,-2326
-4532,140
913,-3198
-348,1091
-7355,345
3862,1810
4310,2115
-7315,-431
-1370,-3270
8275,-3135
-3532,2503
-165,230
2140,-236
1019,8256
-334,-6745
2384,-1788
-7463,15050
15851,677
122,-7790
-1129,1022
-849,51
-2924,2957
2205,9994
69,7790
-8091,-7246
-7094,-10168
2296,-3124
-1348,6604
4430,-8451
-565,1261
-802,555
-9190,3936
1591,894
1482,4988
7250,-1925
-6204,1305
-1364,-4122
-2905,2378
-2287,-5371
-9368,11258
1813,-568
-1771,-4092
689,3786
11247,3099
-11526,10708
9104,-963
-4374,-1920
1,-5814
-3242,-5632
-4594,-7611
-521,19044
-2919,8826
4913,4628
-663,2049
853,4495
3562,-8204
3069,-11982
9406,5304
4282,3808
4037,-3373
-8332,9372
6811,9423
8359,3161
-5147,3728
7306,11673
-6229,-2790
-1979,4302
233,-1587
-1290,5490
6041,-12007
5448,-4665
-1358,5698
2103,-818
2642,-11062
-3168,-3874
633,-9377
-6029,-5811
1486,221
613,1277
5289,-9714
8688,-2091
12652,461
-648,-1176
-4606,7953
7064,653
8775,-1427
1588,1011
-251,-6362
1686,1252
5656,-2118
-4872,-1665
6903,3544
-5317,5248
-4031,7178
1729,10460
-3057,2581
9935,2987
-1499,1822
-737,620
-4175,-8017
-3661,-117
6464,2938
7749,1844
843,1328
4413,909
-2533,-3611
-911,3517
7205,3451
-4174,-9069
4053,-2618
3324,-319
319,6356
6535,9462
11662,3638
-5379,6141
8287,-8995
-1556,3445
-9975,5620
-1964,3646
-3547,198
-11782,-2427
-7488,1212
-1540,6511
-467,-2571
-8086,4769
7991,-2422
515,3153
-8506,1039
5651,1881
5803,3259
-6095,9591
2344,4325
-4720,3856
-2400,840
350,-728
-3261,-2598
-1163,6520
1200,892
-4592,-11592
-14206,4222
-22,1396
-6806,9276
-1567,-1301
5764,3573
-5205,-2970
782,-4001
-1288,7469
-5903,-510
-6603,-2986
1436,-5936
3657,-12
-2343,15922
-9325,-2671
752,7456
9426,-2120
4410,-3371
-7047,-79
-8467,781
138,2884
5258,4404
-8060,3135
-11235,-5068
-4579,4332
5433,-1680
-2736,-4985
-8919,-44
2383,2160
1199,-3490
6132,8754
-508,-1854
8025,10727
-2208,-7177
-2888,5877
-377,4550
10066,4813
-7949,-128
5332,7466
-8993,2290
2941,1575
4634,-894
82,4666
-12476,467
3957,-6551
-10276,6249
753,-5324
2166,-13291
554,-373
1536,-4323
-6429,12033
8380,-1436
4592,-665
4960,159
10227,-296
-2930,4626
1900,-3423
70,-895
-11232,1627
11254,3525
-624,-5284
5755,-13443
2646,-4812
-3681,2194
-7506,3845
-9377,-5110
5440,-63
-75,-9980
1735,-4732
229,1238
2139,-1346
-9111,4279
-3371,3966
1793,-11793
-2532,-1086
-422,11193
6885,4968
-5701,-1871
1025,-2745
5416,-4482
2922,10578
4820,-6586
1344,-1318
-13706,10570
-2345,-12314
-3298,-4927
5905,-5099
534,137
-4933,1636
-2347,-11802
-5098,-1597
-1175,-1166
-10020,-3656
-2243,-2845
-4974,-3148
-6223,883
-7415,-4584
6804,3114
-9750,-2657
-8725,-7525
2351,3416
1834,-1079
-242,-4898
-5147,-1117
-5894,306
-3415,5905
648,245
-666,-2233
4461,-7099
5815,21
15000,-31
-7517,-12138
-6696,-4833
-1416,-147
950,2
-486,8708
-3182,1703
6508,7980
-4906,-64
6272,1255
3363,4629
-7994,-4629
-8223,1929
-2945,-3458
-2061,7374
7230,2657
6493,186
3300,-8963
-3787,-7190
8492,-4694
-3522,4552
-2797,-227
-4853,-9774
2568,6323
6521,10383
-1657,-772
-590,-1426
12829,10547
8132,3214
8873,-5252
2124,137
-9405,3512
2081,-3823
-8185,-7164
-1725,-12674
-1702,10240
3265,-1739
99,627
-451,-4889
1611,1769
8145,4053
-4091,378
8331,2706
-7640,2310
-5182,-524
1958,-3860
-3382,-3089
4360,-2521
7114,-6256
2322,-6020
-14937,1610
1682,4281
-10403,-6206
505,-8233
-3571,-3605
3320,944
-4493,-641
-289,303
296,-4845
-4393,-4078
6264,4414
969,805
6534,9299
-2244,-6291
7431,3565
2371,-3649
-2279,-11130
-1879,6394
-6549,2947
15460,-2400
-6527,-10408
-693,3338
3437,10137
714,-7480
-5715,-9099
4121,-1125
-431,13524
10872,11036
-5344,-89
-5849,-1145
4198,4880
-5414,558
2048,7939
-656,-1267
4541,238
-6585,-1337
-4777,8198
758,-1692
-5434,8255
-1440,-1747
1088,-6924
-423,-10032
-4962,-5303
10079,-297
-6543,-774
-3144,2451
8236,-528
-10479,3736
7215,-5673
7306,-3109
14126,11883
-3049,2626
-1249,2520
-10804,9924
-4194,-1867
926,2057
-564,-526
-8198,1641
-2817,1827
-2702,-3948
2155,-233
1836,-54
-5065,2035
4417,-7247
2532,1324
1983,901
-6563,-2449
-3655,11961
5061,12088
-5932,-3212
-8628,-8003
-6631,-424
-2548,-2066
-5394,-4237
4082,-15128
1280,2860
1089,-4625
-3755,-6337
8209,4637
2443,4324
7104,-1828
10152,1890
-5380,-478
-4419,-8382
-345,706
2803,2858
7785,3990
-4620,-4638
-5054,2800
2045,5757
-5791,8698
4075,-10133
12675,3658
13540,-1132
-3145,-4030
-8773,1235
3168,-771
-14211,5078
8640,4008
1089,2814
-7766,3952
-680,-5800
2667,1550
-2105,-4482
-5953,-3487
4616,-4890
-1875,12639
-771,5163
7452,4007
-9467,1869
-105,266
827,-2016
-2774,-630
10993,-4556
5663,9796
6874,346
-2216,7603
-4878,-9520
-5121,-8970
-2669,3192
-13316,-9762
5504,9569
-4987,-3241
-1327,-9933
-11596,5891
1556,-59
536,-3911
-13343,-12764
-6441,-2969
7748,5750
1789,513
-4967,-4681
-1695,9253
-4410,3289
-1059,-10142
2284,5881
2715,32
-4544,-3184
4783,-5038
-223,4647
-16099,2345
-4179,-3213
7930,5829
-2762,2099
-5251,9101
232,-257
574,2078
-7102,3339
-3972,-4626
4283,6776
8379,10485
-510,2775
7269,5747
3352,1675
4741,9854
-7590,-7704
-4379,-437
8266,10358
-4855,-2705
2485,3737
-1428,-1963
-1549,12131
-2729,14575
-4307,-4448
7573,-5392
2082,-6922
-5412,9952
-4909,-7471
-11769,-11990
-9,6245
278,277
150,-2592
4110,-5242
3653,-5607
493,4263
-5228,-2349
-2963,4906
2988,-7086
1226,1649
-6852,8457
6034,9639
-2953,-9819
-5695,5547
-4069,-15984
-7500,-3672
-2662,-6132
6718,-3399
-6613,1649
3603,-5862
-3461,-5234
3920,-747
-364,-1485
-799,-3141
3897,10241
7565,-414
-5410,-6309
2841,10710
732,-4275
-6182,-1162
-4134,-5049
-1665,2186
-10622,7511
3309,-5000
-180,2706
-7468,2202
-89,9728
-4573,3531
6238,-1314
-154,7967
2739,2006
-396,7065
4740,3891
-867,2420
3280,-1292
2695,5829
1945,-2042
-549,-7767
4437,3124
-5894,947
-1211,7274
-1192,8465
2320,-5323
334,2834
81,-6006
3061,-4685
5730,6607
-10450,-679
-3788,1836
-448,-4704
11806,-3777
-1233,-2299
104,10913
-1855,-7966
3569,4815
-4598,632
-5420,14330
2797,8797
5898,-7630
222,3018
-1696,1277
7640,-3110
-7272,-4890
2645,8698
-9214,-1251
4351,-11197
1405,-7024
-4981,-2891
-1400,-1155
60,-12111
20,-1524
-4635,-14025
-5393,1598
283,-1250
4969,7342
1548,7002
-4269,878
-3781,-1787
4389,-4362
-1688,1445
13422,4512
-2452,268
-4140,5661
-4348,1065
-7542,-11575
9638,1610
13072,2735
-5366,-5722
148,-3056
1436,5397
1881,-4169
632,-6258
-571,7317
-604,5418
-10138,-217
3708,-11287
5065,29
14063,13699
-5745,-5839
-9784,-3615
644,5521
-2955,-319
10225,-5632
-11129,3165
-2599,-6948
1129,13082
2084,-73
-6981,5789
7250,4583
6078,2565
5512,3369
-653,5802
-2197,-528
-3150,-2581
5584,-925
-3860,-1747
1020,13799
1678,-1173
2258,-4942
4703,534
130,-1388
-3465,6823
469,-3322
-6683,6244
3980,-9863
-4175,272
6255,7111
5773,2913
-1728,-10172
2356,-403
768,-3492
-3815,-9394
1215,5
-145,610
4266,-556
-4885,8017
5033,6516
9912,-6944
6301,-7370
-4432,-1159
1166,2326
-4383,-4739
-2495,-1666
-1460,-3219
8043,10445
-11344,-7564
-7809,-4901
573,-241
-9859,-602
-6588,1964
-395,-2924
-4533,6595
8234,-7321
-10157,-3326
3259,-1168
844,589
-8376,423
3569,9418
-124,1267
-3080,-6402
1085,6522
1056,-3935
-3974,-1107
7784,1589
2424,16689
-1591,-1971
-4026,2864
1756,2520
2818,11254
-990,-4147
-8042,5556
-8068,346
1606,6772
15369,-5759
8410,-2876
10194,-4151
-4001,-6789
-710,-4491
-948,1848
-6530,-1744
-4049,-5387
8638,-11
-5171,-291
-7984,1250
9906,-11526
-1712,-6093
-9742,-10966
7658,1824
115,3813
2021,1989
1781,7493
5552,-945
72,2001
5668,2647
-6720,-5480
4838,-14478
4271,-2358
5601,-4225
-5972,1839
-4109,2440
-2612,7424
-501,556
-5794,1002
6395,2879
-3071,12389
-9907,11022
-5791,385
-4950,665
-10362,5488
6179,14711
-2309,6027
-2715,-1828
-9601,6437
6288,9173
-1448,16113
5143,2521
1433,-5573
5372,6061
-9696,5077
3304,4647
-6998,-2828
-2283,6664
1603,-3836
1896,7640
-6903,11741
-5287,-3384
-102,8694
2039,-11501
-7465,279
-3522,4491
-5059,-4151
-10124,1566
-3201,2817
241,5876
-389,6698
10096,-11365
359,-4494
-867,-10999
5097,8125
2737,-2674
1696,6321
-13214,-5354
567,-125
9873,4330
-7578,4711
-3195,-2605
-3595,-7681
-5588,3786
2667,-4461
1022,6350
-7053,-1732
1045,-3981
-4840,-5707
2191,-548
18708,-2619
-3971,-3767
1963,-1233
8348,-5158
-1935,-7934
-9387,-3349
-1574,2687
8337,4108
1594,11913
4908,-4740
834,-12051
-1449,-914
7394,8326
-6516,-1837
5235,-1892
-11867,7360
2459,4375
834,-362
-4633,-5955
-2116,7130
-2485,-5789
-6734,-7983
2563,-6235
-6595,-2218
1697,4879
-9022,1749
7447,-9817
1041,14874
-7067,1284
-6642,2742
-2290,-6014
9972,-806
1056,-167
-2593,-1165
9917,4667
8901,-2240
-959,-2429
491,8239
-406,-810
5211,-2923
9519,-8035
-4309,-5133
2516,-7140
-4121,1360
6613,-5331
-1644,-2162
2739,-7563
-9203,-1019
3526,-5934
2023,4176
8530,-2862
-3357,-2728
867,2453
-4967,6435
4573,-2275
-4985,846
6144,1870
-1283,1897
-2596,-1036
-1912,-5269
-4515,1582
3303,-11592
-7107,742
-8626,14047
575,2804
5324,-1827
10521,-7431
11082,2903
-7413,-3483
3014,-1902
674,-4163
-8979,-737
-506,-5193
11386,-164
6039,7788
-8981,-1267
-9867,-7751
-10097,1227
-2957,-4662
2027,3216
195,-2084
1727,-3722
3911,611
2181,-947
-3201,-1715
-4220,713
-6804,-6450
7363,-7750
-4315,-2562
-1278,1789
3074,-745
324,-6743
-5526,3312
9300,6708
-1360,62
14004,3463
6608,753
-12259,-2100
-11354,-842
4135,-3387
1297,-2798
-6503,4735
1290,-2901
6499,4942
-15766,2992
10242,2148
1149,1926
152,-594
-3451,4877
4381,-4768
1678,-1984
10333,-7352
932,2244
-1191,-5369
3791,50
-9141,2948
2311,1411
2068,-12346
10908,898
5958,-5644
1355,-817
-1328,8426
-1929,-3852
-6800,6071
-5742,-14560
-5091,12814
-10082,6842
1925,-7176
2654,1164
670,-683
4435,-4468
-2718,-2060
7035,725
-2063,-2867
-2253,6787
-7674,7312
7241,5877
2102,8006
2810,884
5754,5226
-784,-14828
-2138,3898
5315,-1979
198,5297
4056,-1826
654,9488
9109,-1653
-956,-13020
2126,-5072
-11958,2120
4422,-12370
349,1238
-2007,-1719
-9374,4751
2591,-1449
4623,2854
2883,-7110
10258,3751
-2305,-42
-10859,-3379
-1789,3650
3146,7111
110,2846
-484,439
2756,1672
-6466,-4558
3652,-10915
6619,-11517
1299,493
-566,6006
5693,-6739
3857,-1040
10523,832
-852,11576
3936,-6561
553,2397
-7057,1690
-10,10757
-6937,-2440
-5001,2834
-1359,-1565
2585,-2330
4543,5169
2494,-12363
6867,-10167
-4752,4141
-4788,1827
53,-3042
4663,-6243
-1847,2587
-3107,8404
233,-3022
-4911,-5176
5163,2465
-1214,4483
-1849,5026
-8071,-11184
-4540,-6560
3503,4502
-1214,5013
-1696,6795
1937,-3705
13739,-125
396,8801
-5879,-908
-2793,3995
572,-2968
-6424,2353
-5545,-1214
-634,3048
2974,10874
722,-7483
1055,5284
-2199,-957
-15641,-1626
-7332,-5074
-4421,-1215
-158,-3074
-3713,4367
-5940,-1749
-4573,570
-15985,11104
2356,1210
-888,6606
-4103,784
-2001,5029
5417,-5557
3385,5228
-8367,5556
-177,5626
120,388
-5356,1267
2257,5630
-1193,-1799
3901,5629
4946,-3593
-1176,2049
-1942,-10551
-193,-11165
-8035,2369
4810,58
-2935,-1926
6233,4097
-2970,-5561
-14076,-6237
-216,8041
-3325,584
2378,873
-12602,-6182
-3413,-4221
9682,-3602
3474,10668
-4796,-6489
8750,3029
-194,498
-8479,3617
13082,4522
6817,1482
2420,-643
6888,-8526
4308,1002
9174,-5177
-7674,9189
8605,3822
-4305,11507
-8622,-6072
241,1070
12819,3197
1664,-7474
-2510,3996
-2821,-1950
10560,4339
-2604,6029
-6651,775
-3324,-10261
-4769,7635
-1489,-4339
-15872,-2862
-6014,237
-6062,7145
1622,-2359
2387,-2950
2066,4944
5628,1633
-7517,-1783
4560,-3548
2796,594
722,-13864
-7502,-1114
-3530,2334
-1977,-814
-4218,-4046
281,3988
11155,-5794
-7152,3276
-13124,12398
-7556,1961
-9568,6587
-3074,-11465
-5343,-2588
11361,-11216
-823,4980
9710,8532
4729,4081
-10756,-4040
-2063,-1376
-8345,-5738
-1937,-1792
10287,-5324
-2307,-820
4452,5843
-8496,61
-1733,-2046
11672,854
-7194,6679
2109,-6599
-7557,330
-535,-9401
-6975,-3774
9501,1963
-11158,3508
-4621,-1569
1824,5210
-157,2842
-8873,-2590
-3576,-4521
-734,9443
-2480,5793
-2995,10902
505,-4066
-8426,5359
2174,9295
-8055,-1898
-9190,60
1972,-8
-775,2102
-10526,-4743
-2406,-1576
6037,4931
-6279,6154
2594,-3954
-5705,10283
-497,-5013
2478,-2858
11029,-3355
7975,5566
6200,3658
-4817,-6190
3212,-5064
7367,1536
-562,-2075
-1253,-2050
4408,-2702
-7801,-4003
4189,-1801
11693,3361
-1695,-573
934,-1570
-18228,-4811
5951,7523
8196,-2466
-9245,5501
3067,-1131
-9308,-2611
4371,-2779
-11168,6297
722,-6320
8657,6270
-2174,6940
1310,-1487
6233,8347
-2275,-10
-16702,-1729
-2760,7048
339,-5264
7648,3591
-2647,3296
-13172,541
-5549,-990
-3719,-608
117,4055
1645,-6486
2693,-355
-6165,-171
1619,4427
-8995,-7653
5820,5280
-2995,8544
-1402,-6608
951,5882
362,2153
-11160,-5383
-7950,2806
-5120,-4427
-11297,-5002
13767,1017
1368,95
-15091,-4835
3191,-6808
-105,-310
65,3873
7764,8135
-5663,5089
-7720,-2282
1263,-2886
-657,2541
-3752,3641
-11094,3901
-2682,-6633
3010,-3236
3024,-2819
1946,-5585
-7661,-2872
2992,5029
142,10995
7249,5227
1205,-5647
4147,-368
346,1960
-12824,-9437
110,8546
-2872,-3214
859,626
-1578,9167
-1164,-8128
3777,6630
-1548,5167
10105,-9225
-6007,2038
-6439,-11932
2609,133
2119,-3935
-2100,2857
2625,-12911
-5737,-5704
-1124,105
-10498,-4681
3676,9249
-8775,-6291
483,-8229
-8819,736
-4072,-8469
3037,-8377
-5085,-8558
-1977,-4863
-3527,2012
4307,-10392
-740,10707
8088,-1875
2912,4259
-4208,3420
-1004,7640
-3805,719
-5383,-1030
3392,-3933
9538,-6922
-634,-6317
-4006,-4622
-6354,-1176
-4678,5385
-304,-10781
-534,9827
-2087,-479
-3638,-4175
999,-778
1645,-6866
4180,1888
-1403,-1594
5492,-2249
-4844,3855
-6793,4623
-1224,-8310
-6447,-1811
-7975,3609
1514,-7288
11664,15219
4336,-2841
-3993,888
-2275,-3068
7669,1803
9803,110
2174,11734
-3288,2893
10257,1621
-5302,3376
7732,5004
-4847,-6185
-1283,-6182
-1057,2017
-3935,-382
7496,2116
120,-1448
6010,-651
819,-15716
3692,2642
-4574,-3855
-1734,7195
4829,-3940
-4595,1648
-1552,-5691
11200,-5064
-5373,6330
-3,-114
-241,5951
4724,-2239
17259,-5846
-3827,-1943
-6028,-1225
-1609,-7338
1786,-10482
-94,-6094
-1589,-799
-10405,4388
-4712,-1163
1362,-4622
822,-898
-3299,-8597
-10569,1953
3424,5531
383,4629
-13641,-5294
8851,3913
-2037,1091
4321,5470
3087,8425
11651,-7891
-6819,-3531
723,-7337
5737,4960
-12283,3219
-4830,5465
-8172,-3920
-798,-5168
2797,-9253
-4385,-2507
-868,-1030
-10722,1719
4004,1841
5523,-6075
-1958,2968
-3521,2446
3193,5047
7078,2990
-2053,-2904
-3263,3039
-398,-2142
2578,-4729
1849,-2244
3734,-2905
7283,-4570
-4597,-6189
8478,-5281
-5229,3785
-1913,-5489
6751,-5068
819,3500
-13695,-2762
-6256,-4646
-12326,5182
-2770,-7032
434,5931
-1839,-1791
662,1967
329,-4039
3280,4926
-3636,8502
1852,-4923
-7110,826
4372,3146
1493,-3334
2219,-19
13578,-4553
-3166,-5
3433,4746
10718,-201
-1336,-1078
10917,4989
-2464,-422
-2916,-3796
1780,4348
-4234,3131
5118,-10106
-1318,3661
9663,1504
-2976,2065
7078,458
3167,2984
10763,181
10605,-1171
-6232,2551
3311,362
-6801,-3522
5571,2164
-3409,-7158
3710,-1009
8156,3490
701,5025
-852,3586
1781,-1516
-6738,12540
538,5801
616,3265
3024,9387
2528,-1385
5762,1368
2692,-2084
-4634,2397
2028,-10697
2709,290
-5929,-1823
-2740,5645
2078,2528
-1623,2516
-7717,2729
1945,6919
142,5396
-9600,5016
-6570,1589
29,-5255
2647,-2500
-14423,-6113
-8777,6618
-1269,-4127
-5325,-2017
5131,-12325
-4323,-3854
3556,-421
-6163,5126
-5958,-2696
7515,-3793
-3362,-9242
2272,2359
10180,5526
-5713,-6236
-3888,-2125
-296,11101
2330,-3050
-8505,9364
-2702,3425
7938,13772
11109,1636
9833,1864
6043,-2965
3005,-7449
-6172,8660
9212,-8306
-13010,2228
-10927,-5625
-5865,-12138
-7058,-6917
3925,-7276
-1322,5170
-6444,8482
902,-10261
7174,-10458
3250,-4409
5234,1129
6974,-1279
-4253,-2707
-9690,-6988
9508,1834
5800,-6225
13148,-5193
-3475,-1008
-1348,-5507
1296,2415
7904,6901
-1766,4789
-2645,3242
5281,-1312
5902,-16696
1619,9734
-7326,5102
2421,7847
9753,-10260
-7675,6038
1657,1673
609,3868
-5699,8012
-445,-417
343,2821
6050,2709
1200,-1222
6257,3767
589,1544
-5010,2525
-8652,4156
-3850,-295
-3069,-451
-9311,-7857
-3360,-122
8766,9428
-5538,-3313
-3190,4297
-6406,8488
2113,-3220
-5648,2615
-3747,-4688
3669,144
-4047,-5230
1313,-6287
-4874,-1757
758,-2629
6855,-2536
1099,6905
12438,-2703
4325,1224
-4672,-763
-3411,15864
-5283,-1283
-229,1437
6892,-4823
-5136,10347
6294,2323
277,-8829
-922,5959
9047,3281
-3632,3503
-3734,-1802
-540,3173
1427,1620
-689,-8503
1996,-1918
-11437,-4625
569,3497
-3,8770
-417,-3567
-641,4999
5369,1974
4464,-2760
2618,-1034
7069,-1591
-8719,1486
-2184,7160
-2487,-6339
783,3610
-4950,-604
26,3631
7564,3614
-1263,-1661
-1795,-1050
-10138,319
4160,-6180
-5637,1261
-57,1090
9263,-7470
3304,59
-6629,-10184
7043,9891
-7162,3986
-1599,-6612
-2904,3111
-5460,4271
-6038,6424
-4765,3046
-2811,-2606
4248,7841
-4594,-6016
1484,5798
7578,-6821
5998,5967
4268,-6756
-1369,-334
1244,-4274
-11054,7683
3723,5362
-3816,12793
6012,6431
-13057,2218
1990,-86
-1208,3952
-6829,-926
8794,1050
4151,-6907
-8046,1158
5264,3231
-4617,3928
-352,8265
-7193,3569
-1137,-1048
7312,-7271
-4564,10897
14012,12115
1199,-2283
-684,-249
-2614,-5643
-4205,-14793
10275,5625
-7442,-293
7566,-565
-263,6984
-7512,-2049
5051,-12941
-3220,-910
-4588,-12
4979,-5296
-257,1816
4267,-7214
6097,6416
3756,1167
1749,5942
-3534,8656
1049,8497
-2863,-4203
876,6565
-8790,4090
5661,2120
-6833,-175
-7517,8238
1586,1094
5704,3850
-3907,2792
603,-2937
-3461,-2967
-1274,-1352
4943,-1580
4237,486
-6191,10588
-697,-492
-12280,-357
1305,-7889
-3348,711
-1518,-2234
-3388,7628
-299,-8043
-1486,9665
9251,5866
-4058,5662
3812,-12437
131,4552
-13633,-7696
4083,-4221
-10097,-3264
-4760,5925
2894,-1650
-7353,-7140
2475,4161
-4774,-7885
-2874,4266
5044,-11035
-8873,-2503
3764,3380
-2459,5785
548,4459
-566,-7786
3270,4954
7710,3257
1871,3886
-2943,2786
4851,5850
4463,6456
1222,-8599
-3781,-2940
2927,6856
3118,-5700
-4330,2896
-4222,-9318
7051,5366
2872,-4526
-5612,12380
15166,8611
8057,-6334
-3071,4918
-1899,221
3544,-5540
-3825,-914
-807,-3694
7964,5869
-992,-3520
-6215,581
-15,-5283
-861,-8202
2433,2052
1588,2255
3593,4304
3099,-5668
2357,-1782
5765,-6261
5772,-786
-1936,2668
-855,4120
13175,5068
12955,876
5963,-2637
13436,-1042
-2561,5583
-9611,4265
-4984,-2741
-6019,-1427
1626,-4311
-4345,1810
-4958,-3850
-4719,-10067
-363,-8405
-5737,10716
-9137,-4130
-7076,12832
-5870,-259
2584,5117
3996,5903
2998,-6864
5172,2307
-4750,-2645
-9703,1279
369,-2433
7466,-5107
1757,-120
2436,-7602
-5140,-14297
3671,2078
1332,7975
1893,-4898
-1657,13772
6265,10301
6813,8032
-5057,-10577
3483,6840
-13206,4399
-2566,-267
-2368,9740
-3727,2906
-4678,3942
-2374,-414
7395,-10801
3125,3026
3093,-4389
-1141,7466
-9458,9375
2414,-4412
6525,-2441
14459,6318
-4647,90
2323,7414
8933,-3934
-873,3306
4148,-6911
1255,-1688
-6258,6546
1630,1497
7497,7869
1553,1358
-1076,5347
975,-619
-2177,1934
-1263,285
-497,3880
-4005,-6073
1534,-746
148,4684
-5645,-4172
1589,1913
5261,-13121
-11001,13409
1519,-4921
7600,757
4205,2161
-4444,13271
-3172,1096
5780,-905
-77,-6400
-2670,1121
-14069,10621
4681,4524
6272,-1166
-2718,-624
-849,5665
7286,-5760
893,1719
-5385,1511
-1505,4901
1620,18
1063,7451
8776,-3756
-5106,2624
-4242,1649
4348,8741
2428,7939
1002,9781
1975,-5238
-4907,-7856
-55,145
-4442,2353
-3450,8146
-9916,212
-3667,1030
448,-2402
-1619,-3542
1380,-4146
-3366,-3990
2396,-4676
-5341,-819
-4141,-4570
1133,-9476
-2532,995
12810,-425
8037,12101
8371,6012
-1720,6352
-15595,-4679
2884,8574
-57,2290
-6978,-11732
-4962,960
5613,15573
5002,-7974
-7805,5416
8117,-1971
-1921,-1690
-145,-6751
-325,864
4366,-150
-4747,-533
-5002,-6382
3799,249
-1754,-4974
4848,1782
614,-2025
-4987,602
6434,-7045
-94,4084
-6152,-2405
2544,6526
3769,733
811,5619
8170,-5318
-5224,-4090
-3774,2497
12771,-10989
-4269,-4683
13927,-4117
-2183,3577
4652,-1531
-6111,-1144
-11698,5893
-2190,65
7690,-3781
-5010,2131
7932,-1721
2060,-1768
-851,240
-10685,4823
-2874,12104
8342,31
223,-1816
3693,-1528
6739,4662
3709,-2402
-2364,-1137
1777,-572
1413,-5111
6660,-8069
3678,-6281
2209,-9864
-11469,-11962
-3683,-3381
9179,-6112
-2144,-1995
-6809,-1751
5818,10048
315,-619
-3872,-6760
628,1083
-3101,-1543
12567,3721
8681,3270
-5064,6589
2916,4134
314,5261
8648,-3547
257,-6017
-2201,2411
-2998,-3204
4634,11087
8775,-8032
-646,3372
-6457,9850
-311,-4768
-5889,-8886
-7923,3172
-4215,4252
10225,14045
-1209,10956
-8906,5324
2563,-4279
7212,3983
-6682,5282
-744,8286
-3012,3966
3328,2275
-19134,-2605
8556,-1648
-6030,-12536
11450,332
-5977,2752
1046,3020
-140,2888
2439,371
-744,-2456
-4918,-1275
8484,2241
-2882,-921
-293,3115
-1450,3795
-1008,-1134
2518,-7336
-148,-2295
-1326,7940
8326,-6246
5183,-5476
-9261,-16142
5698,2709
-260,-2931
3426,3339
-1622,-4338
1125,2006
-773,1763
-696,-4907
-5294,-9355
9737,2934
-12084,5026
5082,3285
-6280,3233
-8949,467
-2734,-8094
-4432,2590
2577,-3710
1795,7596
-3894,-6667
-5771,-6541
8844,-4307
1911,-2132
4155,-3175
6594,-6288
-937,-3865
11199,2182
4728,9581
2388,-8286
-13674,1235
-2504,1952
3123,7537
2611,848
-2625,-10277
14690,5574
-6307,-8800
-10256,2064
-5018,-12221
2532,-4163
-3723,-472
-7565,8706
-12279,-7401
-9983,-1399
1687,-3477
-2848,2619
7042,-3597
-8659,2223
-4582,6334
-7722,7222
6799,3428
-3857,-1013
-4238,2332
4284,-14699
-3756,645
2385,-3625
-3791,-6043
941,-5872
4712,1170
-1935,-8263
5893,2909
2184,-1690
-5772,7736
-7774,-6419
175,1170
-5533,-1466
3337,-2794
5814,901
-4724,-14103
1187,-2807
1744,-3238
-5032,1230
4396,9907
-1166,-3391
140,-4486
-3659,-6097
-3773,60
1529,7587
-157,-522
7527,-2194
-2389,-2640
-1074,-6737
4594,-455
4033,1166
2029,-10622
5843,-6091
2442,854
-961,1029
-226,-2093
505,-3650
830,4694
6777,589
-4185,-1702
3239,-11142
-2433,-5825
-2832,-11386
-3734,-1195
-7847,-5657
8073,-203
-9066,247
-3156,-1033
-6392,-4402
-6899,-322
-7097,-2335
2631,-2665
2860,6657
13609,8202
431,-7878
6047,3043
3995,-1131
10397,-287
6936,7050
6534,-2470
963,5898
2401,1557
-7351,5669
-11738,-1384
-3909,-2369
6100,-6418
2775,-11983
-2331,-2370
4794,7750
-5926,173
-2079,7627
18870,10537
10683,-5903
-2697,-2370
6793,-1290
215,3332
6732,4459
-2681,3717
-9308,-2677
-2488,10952
-4202,24
-3551,1339
-3784,8849
-4671,7756
2432,1520
-5593,6760
-883,-4124
-4073,5957
2240,-7129
3171,5537
3529,-13081
-918,6862
-7449,3702
-1419,-1918
6719,2877
-1667,12446
-1649,-1974
9082,-48
2068,-4892
66,568
-3427,-1208
-1401,6313
-1475,7028
8819,1710
-1516,774
1896,-8074
-8772,149
8840,-4603
-3741,-6123
127,-2724
-450,-959
1192,1760
-3903,-1665
-2342,-7659
-1805,3935
-1592,8204
10908,-2797
-1885,-6869
3404,1590
994,-5910
-2828,7607
-4754,4794
-2495,4052
-12918,-4298
-10607,6581
318,-2883
2925,11717
1375,-2320
606,3372
-1024,-421
-1328,-2227
-4780,2830
-6258,3619
739,2667
-1162,5208
-877,-5537
-3095,-9723
13513,3085
-6349,2726
2521,6551
349,-1874
-11407,451
2951,-5227
424,5623
-10860,-1447
-6696,2463
2134,8337
6218,-4509
-55,-5955
-2678,-1971
2218,9982
7305,-2640
-1172,4709
4574,3437
1431,-3118
10083,5688
-6621,-7421
395,-6870
-174,-9520
627,-4931
4480,-2917
3928,3745
-3934,-9085
-2338,-7803
-7078,9435
8180,-5088
1671,-4982
7007,-1015
-2276,-3786
-6366,4616
-2473,3879
1876,-5459
-2452,-1793
6435,1037
6282,1595
-3074,-789
-914,-6577
2251,-1600
2254,5879
-3852,3749
1024,13536
4410,-723
2305,-4754
5005,-3243
-2310,-10158
-6726,-6626
-1969,2361
-864,6852
-2322,5115
5947,858
-2619,1385
-4678,5542
376,2773
1513,-9486
-8258,-1069
6995,-2424
-17471,2735
-5217,-3715
-6121,-3274
-261,4251
-1890,-1764
9802,-1967
9403,-6254
-3535,-4689
-385,3443
-2308,3104
3541,5859
2873,7267
3816,3245
9517,-5051
-86,809
2397,4205
-1169,-4356
17463,-7822
-4331,9991
3013,11788
-4591,-3128
-2552,1896
6179,3877
1369,-604
2524,-8699
-816,1689
520,-5477
-3989,2537
-2309,-12207
1390,7153
-3542,-1492
-964,-5299
5116,9186
-3808,-13430
11004,1073
7034,2965
-1432,-458
3303,9414
3815,-2318
-10719,1919
1946,-6988
9652,4347
5411,-4673
1240,-11071
-3121,4082
-2330,-1437
5076,11051
-7897,-3771
2323,3920
1056,-5070
-5063,-463
5613,8745
-4127,-1366
3155,1450
8851,-2174
10731,3019
7499,-1758
8906,1556
-11508,7807
1302,-2675
-5849,2558
4109,5288
4073,-8086
2971,-2
-4555,1872
1476,-1548
6382,3111
625,-357
-2888,-8460
-3922,6005
688,775
-804,-762
10967,-817
-9243,-2454
-1305,7768
1392,5760
7891,3537
9208,8494
10056,2609
-5095,-1377
-1342,-2040
303,-893
-5104,252
4563,-4977
6955,9250
1352,4401
-7844,13485
9717,2726
776,-6438
5363,-1549
-8617,-2641
-11098,-4617
10171,-4613
-1985,2847
-1835,4950
7987,5170
1418,-3417
-7237,1610
-755,4668
359,-3385
3212,3448
10863,1221
-3613,5890
1891,-2500
1897,-5619
-12351,-5973
-3622,-2200
-6787,3296
1216,1561
110,-13877
4970,-1507
-9930,-12831
-2730,-3350
5295,507
1971,3967
-2864,1524
-1673,-350
6661,-512
2818,11642
318,3058
-1688,-1256
2085,551
-2844,2613
5940,6957
-9348,1522
4075,7832
7467,3094
-4563,6787
-6231,4346
5816,1565
2142,13814
2832,320
26,-1912
-369,-8849
3068,-6819
-7351,4171
-3993,-4765
-14932,-3295
-2492,-3339
7733,-4610
-6077,1878
-4232,3826
5790,-1955
3058,7330
3676,-12261
2953,1033
-214,-8408
-13256,-7466
4240,4552
-13162,2398
3119,7062
5491,707
11152,-1499
-1239,-11381
11857,802
-2626,-5677
299,4926
-1335,-2966
-5624,4226
2781,-828
191,-12772
-1686,-695
9782,8898
-3738,2013
-12474,1614
-2935,1556
-526,-9803
-11695,5817
5044,-10609
-7199,7170
13615,-7546
3958,-4378
559,-3195
-6105,-4968
2946,-1242
3866,-3159
7262,-6565
-2541,-4270
-6078,-380
10431,5204
-8095,7159
-4720,4916
-558,-6396
8897,-4498
5358,-1760
1445,655
5718,-10177
-4848,-5357
9551,-2721
2708,5029
-9875,-2314
6165,1397
8337,11448
1228,-4521
6016,13798
-2611,3370
-889,5138
1261,7244
-3357,2546
6958,-976
4581,-2116
-3806,360
-3539,-4836
6745,1242
-4214,-8253
-10193,2141
-2835,-5241
-3738,5374
6001,887
2306,233
-10907,-598
3848,-1984
-475,12258
-3933,-4407
9920,-15203
1394,1918
2623,-2802
-2241,-8834
1314,-471
1469,4597
714,4618
210,-4238
4736,4738
-5721,-7430
-10943,-7656
-1021,8614
3332,1828
4451,-3055
1902,-10959
-5291,-1813
4871,7546
747,7059
-98,-7876
-2413,3153
2113,-3446
-4770,-3313
12,-2851
-5808,1968
2528,2359
4341,1907
4718,5392
3522,2012
3217,-3007
-8251,3411
8799,6379
1658,-2898
-3491,-6252
6172,4439
2423,5399
-258,3816
2684,-2392
-13744,-10225
-845,-4784
1377,-687
-2419,-1024
1072,3693
10140,-2699
-4309,-3721
-14784,-4962
-5650,1942
-2455,3964
7049,-3070
1277,2021
-3986,2103
650,487
-5389,-7074
4888,1944
8811,-4102
11253,3931
-8522,733
-12683,11697
2422,684
-9361,77
1596,-2929
8794,200
4760,3691
-417,5191
-6764,6436
2222,803
2183,-4904
-4134,3213
565,-215
-8278,-2090
4335,7542
2830,-1806
-4983,-1528
2504,1301
8931,13856
-4477,-11321
-7228,2440
-203,1486
1420,-3722
-859,-6143
-1936,-6697
4316,4703
-6538,1349
6035,-61
7630,-4818
-3393,44
6895,593
10684,-2725
-616,-2576
-5425,-821
-10724,137
-3521,6058
6029,-2348
-5539,1211
-2157,-7286
6053,-1004
1005,-8699
1386,2693
-5575,-9113
2279,1656
7257,10514
-5289,178
3443,2583
-3034,-6828
7645,-3439
-679,2231
282,-8954
-924,8061
-9485,-12021
-5255,11322
767,6
-1824,670
2883,-6231
-1510,3090
-8341,956
-1454,-6862
-9791,7672
-1597,-723
-1871,8329
9657,-1488
5026,10230
3086,245
7232,5279
-4975,812
-3059,-3591
5336,148
5891,7992
-1314,-11885
-741,5064
4112,530
901,5313
-17410,13424
9801,334
2004,-1442
-10893,11910
1449,-2802
1199,-5816
8223,-8609
0,1154
-4270,-2535
-3040,445
2304,2842
-4634,-1596
4158,-2706
-10118,2283
-3268,3701
3171,4137
-2765,-2426
-7979,1071
14266,5378
-6075,11497
-7572,2495
-12599,477
565,12309
871,-8738
-1332,-2071
-1875,3905
-6408,1746
-9937,-3811
6434,-205
2715,-8795
3558,808
7265,5200
-11770,6485
4083,2123
-2364,3288
-2121,5195
5901,-6466
5553,5344
929,1334
-1259,-11306
4282,-682
-3086,-351
-2110,-2811
946,-4855
3045,5816
3526,-489
6500,-2145
-8722,6552
-11229,2466
-2225,-3234
-11921,12315
2218,-3379
2204,-9198
5047,-8190
-4359,5608
6232,-2072
2138,-10895
2346,8186
-5390,8192
-6507,-8702
7905,-5573
-3148,7432
-448,-11658
-2072,-757
2123,3563
-5992,12147
4661,-2847
-2963,-7855
-5179,-2792
8499,1679
586,-3122
-1223,-7761
5512,-5831
2195,4657
-7430,10274
-5701,-3484
7864,5568
7859,7039
4116,-12307
1743,-3150
-5384,2387
127,-811
-4827,2352
2479,-5119
4232,-436
5005,6086
624,-1677
-11228,9940
333,-506
12543,-2399
9355,-3408
3533,8
5998,920
-5625,-6130
7593,-14166
-123,-7957
2041,4038
-3275,-2338
-6640,2819
4781,2042
2112,2725
-6131,-1469
-2448,13236
1481,8098
-4808,-886
-3795,-2079
-4437,1931
-1723,-3519
-4086,-10261
-152,-2324
3288,8763
4120,932
324,-2008
-5638,-421
2917,5770
5358,1321
-3194,7754
-8325,-6903
-62,-2971
1057,2851
-8777,-2832
-8129,4636
879,-7973
5469,-8548
-388,-6595
-8513,-2589
-9987,7807
9150,-8608
3940,-721
4083,8379
3093,1990
-2020,4072
6242,1527
1778,3381
3395,-1800
4924,2699
5975,6680
2118,-4053
-6191,3333
4559,-9115
1950,-112
-3831,-380
1796,171
-5207,-1970
8862,12192
2213,1143
9,-6149
-4613,-6095
-1112,4045
-4367,-9017
1452,597
-739,10791
1807,-6165
2700,-2490
-5758,-1934
748,1729
640,3419
-2712,-1738
1080,2024
-5765,-1270
663,-1247
5231,-8980
556,-6645
-3596,-7014
6819,-3504
-69,5993
1014,-4450
4271,7041
3802,1059
-2726,-2662
965,1806
-3564,286
-2463,-1014
4128,9977
-5960,2239
-183,-3398
6535,-2473
6304,-3595
9071,-7509
1019,-2288
6947,4320
597,433
4322,-6270
-365,-11503
2163,-8682
-9805,-2236
2595,6678
5205,2352
-2332,7746
-1093,-1357
5200,2714
-5791,-6553
-1824,3969
126,-5389
-8175,-1654
9943,-6052
-13007,-3041
-2343,449
-4562,14170
-1752,-2469
-1275,-1450
-3183,4411
3487,-456
1755,7775
3740,-5187
-9452,3106
-820,-3507
-7668,8397
4547,-3778
-6604,-1760
7753,-5712
-2361,5192
892,-3039
6934,1038
-6092,5374
-2627,5636
5610,-3335
-7487,8406
-7818,-373
-1200,-9711
4607,298
-7498,-2631
4333,-1934
3345,-2854
-228,-4661
-3188,2368
-13050,2761
-1006,-5398
-80,10049
-1140,-7849
9162,-2532
-5908,-1246
7117,2083
1876,-5455
-4100,-450
-837,9442
-10145,14745
-1676,-10201
-4350,3507
2996,-10019
-2543,537
3424,3884
-919,10301
13616,-2067
3577,4233
-630,-69
325,-4456
-6208,-1014
-5973,-907
-2244,-3476
-5632,-7656
-8511,8634
-1034,379
1970,-430
3049,-1155
-11099,772
-9921,8760
-1941,3820
-2420,-4095
-824,-1911
4180,-1547
2441,11214
2666,-7415
-11564,-562
3296,-10649
3231,6160
4422,1285
3411,-8374
-624,3904
1367,5377
-187,3830
-3744,-5991
2360,-1441
-4986,1966
-2573,2995
-396,-2779
476,8016
1121,3171
4737,-6885
596,-9213
-5679,-8237
-3090,-3190
10677,-1748
-4146,-5865
1516,-12211
1273,-1525
9033,6854
-6821,6878
1428,2503
-2696,1182
-5462,-8067
-7647,-1046
-5814,219
2595,-4508
3026,1751
13757,8297
-2257,7127
-1847,-5531
4257,466
12508,-8082
-2951,-14259
-4925,3236
-139,8690
101,-2561
-578,8061
-6897,2638
-14214,4600
3884,3767
1408,7416
-7248,-5683
932,2622
-4650,6656
1289,4896
-7245,-487
-2624,-2437
3279,7062
-3580,1574
-1731,-1790
-6601,-3831
-10049,2548
-3525,-6482
-10059,-687
-8029,13243
-10680,3025
5610,9087
483,-3571
1912,1484
-4548,-1033
1257,15561
-2267,8349
1358,5873
2327,-6036
5005,1360
9233,4366
-6140,-6763
-2910,4988
-3546,8089
-13127,9093
6104,-256
4337,-473
-7597,-2846
-10577,5720
961,3987
-11119,3726
1512,8010
6523,3807
2546,2855
1921,5293
-6336,848
-15546,5263
-4863,11661
3889,-2363
-5265,-5668
-13139,11603
3235,-4539
-2013,1311
823,2535
-3396,-7986
4043,-2503
3091,-3747
10325,-10650
4041,-4253
-6349,11567
-1455,2446
-2052,11305
-8212,-105
2283,15635
-7130,-7056
46,13210
2199,3443
5357,-3684
-3498,-886
-6445,9617
-2992,280
-1586,15841
-448,2550
2874,-2063
10284,7959
6334,-4724
1098,-7037
-5819,1822
5923,-6587
2052,-3517
1540,-5324
-179,1942
-1949,-15011
-4001,626
8902,-2722
606,-4803
-3228,10143
-2916,-2827
1187,4286
1078,5492
-2349,-14414
-533,5922
1882,-6549
1282,-2853
-3137,2766
-2654,7994
4740,6023
-11614,5414
5531,2074
4497,-2404
2967,5764
-8380,7932
2390,-8862
-4328,-5632
2777,120
5272,2112
4135,214
-5952,85
-943,6359
-1197,-863
-926,-3978
-5267,3734
563,-5841
68,4037
5084,4728
-5553,-5624
-9046,-4016
4505,-4530
-274,-819
-9242,-3604
-7722,4425
-94,5110
4818,-1952
8962,-498
3744,3667
-2652,3786
4393,4083
13554,-5934
4195,-3521
6719,6184
4037,4889
6184,-2666
4798,-7055
-708,4979
4091,-7243
-1892,8071
2110,3249
933,3128
-3646,-6065
-4712,5694
-3410,-4926
-2421,-4135
-1840,-1306
-7502,-886
2191,2139
1798,5043
-1325,11071
656,-6469
2138,-3115
1388,525
1503,-6604
7066,-7069
1065,5477
1597,-3177
-3208,2688
7421,-262
773,-5564
4636,-3132
671,-1048
12850,8798
-5743,-564
1174,6972
1481,12240
-6055,-459
6763,-5949
4983,1828
-2713,-561
-4725,-3555
-5381,-8714
2551,4214
1710,688
-2097,7916
10055,3036
-4340,1427
-6501,3904
3704,-2175
-3712,9679
-874,5064
2334,6932
1724,-7831
5521,446
-694,9889
-6295,-3030
465,3002
1816,6656
-7718,2708
-5565,-2781
7397,-3656
5386,7017
-11165,-3836
-46,5109
-237,-3165
7858,-9103
3359,-597
3129,7472
-1290,-1157
-10182,-6422
2372,503
9423,-192
1873,12315
2082,6877
-3114,7170
-187,2494
409,-179
3736,1293
9204,1454
-1109,13846
2458,4665
-3706,-8900
-14060,-9564
2644,-7082
-5168,-664
-2237,2589
-731,1599
2667,2546
2039,-6178
-6541,1863
3729,-8063
2935,-11267
4275,-6882
4451,3893
-2343,-1601
-2256,6469
-3669,-4649
5597,7319
-940,5168
1623,9918
4805,-9471
-408,6650
-1143,-5422
-3773,-3330
-4389,5943
6819,-5412
1286,-5303
-1055,-1547
-3190,-1800
2312,4253
-793,1829
-312,-3535
1420,7127
6009,-2617
5572,-5546
2063,-9587
-5995,-886
8257,2290
-1656,2362
-7731,5561
1911,-3646
-11044,-184
-2906,2129
3585,-1158
-16071,-1833
8240,-10451
965,-3222
5371,-5146
725,3498
1376,3274
2550,-5964
4174,-3997
4843,-722
-7060,-1325
-4713,-9906
-1091,-3044
446,-716
-7182,2657
2955,-6091
10101,4587
3187,5016
13256,-1142
4786,641
-5042,6259
2818,-1404
-1050,-3106
1249,-701
10345,-4498
1917,-1876
-290,2956
4800,4683
5267,-8994
-3413,7070
-3558,14592
9270,2563
-4345,-4912
-1925,-1973
-3984,9718
7784,-3205
3033,-4106
-10736,-895
1983,-991
4004,-180
-5727,-16561
-10947,-15466
3852,-5928
-6914,10728
-2163,2098
2381,-3814
1431,691
8586,-5763
888,-4356
-3955,2610
-8049,-8548
3850,4289
3458,7291
-18663,6935
1274,-1193
-2399,457
1260,-4231
-11590,-3383
2475,2837
-2032,4456
-2010,-6644
2382,-6339
3958,2115
4161,2260
-104,-2161
9927,2509
897,-7783
9670,-2274
-3525,6915
-707,-2655
3571,5046
150,-4534
6932,3540
-6028,8538
5265,15
-3386,7448
-2890,5268
2487,7312
5793,-5068
3586,-77
-5062,-5778
-4599,2370
2848,1652
-9899,4446
5308,-886
-11282,-2324
762,-219
5182,-4689
3443,5232
4197,5055
5200,-2946
595,-9912
1506,1657
-1186,-6857
-8327,-5544
6200,668
3969,6318
2390,536
2927,-1084
7481,-11498
1959,-1574
-6304,-5165
5049,-7255
3741,5213
108,-4748
3275,-229
-764,-1476
-1075,-4709
-5238,4939
6642,899
-5139,-8735
3348,-4056
-4088,-7336
1672,3976
2343,-3513
-8444,4739
-6568,5238
4368,-2294
-6669,-1399
7596,-3188
-3197,7003
3517,2311
2119,756
5886,-20626
-430,-7264
-214,-1573
-867,-6129
701,-11758
1346,3379
-477,-7387
-1035,-4972
-3160,1253
-165,-6891
1565,8658
-5041,-6584
7687,4801
2168,-2020
-5626,-3468
10196,-754
2655,-4626
9930,-1154
-724,-4005
-433,-5010
2619,-1240
-4266,-8456
7328,-1467
-3438,2971
3398,-3933
-1510,284
157,-6457
402,-1764
3784,-7999
-10562,9405
4420,6077
8575,323
1306,444
-2527,889
4751,-5200
10760,-5325
-6060,-8826
7995,3845
6923,-9148
-4794,2842
6386,858
-1001,-3274
1945,2814
1953,-5837
-2986,-6501
5244,9546
-5860,1590
723,-7561
-5525,593
-2452,8495
8431,-843
-3786,10523
4549,-659
3551,-7073
6489,-7772
2865,4002
7715,-1598
5875,2749
1793,1315
-11203,-1751
-2988,-171
-666,-3167
-995,12178
-2843,10199
-6716,-6062
-10942,-670
6957,8067
-6829,-10817
12102,-1302
-4224,5819
1933,-5438
1754,-8416
-2824,1131
-13430,-6491
-8388,-1845
497,-2938
10124,14222
1051,-731
9435,-372
10508,-358
-1280,-779
-3406,7712
-5187,6891
2700,2085
-3240,1407
-536,-6337
7023,-5079
-3493,-4119
-2498,4271
1956,-10711
-66,1655
-12923,10819
2145,-4080
3903,-2372
-4490,7879
4558,-1500
-2087,6821
-2094,-5234
-1611,-14678
2705,1111
-4687,5743
-3850,-3260
2787,-2509
-11166,-9605
4197,-636
-3065,6518
-3591,-1385
-3568,-1238
4346,-5806
4631,-556
3094,-3652
-2912,-8168
10509,-9404
-1275,3269
-7554,-8721
-212,-2936
-7898,714
-10786,-8357
-3873,-2344
-1468,-7244
-2877,5416
645,-7264
6530,3759
-12659,1660
-5949,10475
-10608,-3879
-1271,6324
-5901,1495
-8732,772
2329,-6709
-3909,-12855
3663,-7940
2259,-2258
-2705,-5194
8346,9268
4473,1037
-3127,839
2183,-1104
-207,4232
12082,3997
1274,-4344
-2902,-2025
-17797,-7975
-1267,595
-8845,4301
-2048,4930
-4638,-6418
2633,-1285
17382,-85
985,4743
-2049,3913
5022,-2145
2220,-6834
-5594,-1799
-6342,15339
-1663,-1471
5203,5765
5468,9781
10554,546
-3875,-10870
6787,1781
-3778,-5357
-6789,8289
-12667,11637
1623,6175
-4311,-2717
-793,-5498
-1820,-1008
6886,4226
-1368,2318
-8235,-5939
2186,-7120
10208,-4229
-9148,7184
-5508,5284
4948,5283
-2961,-1314
-11,-2902
8527,-2377
83,-767
-7404,11860
5494,-6829
-2967,-1429
1724,-7767
-3928,-7212
-7801,12633
7774,-7277
3494,9815
-5812,2442
-1936,4424
5836,1195
-6898,2026
4366,1673
156,10608
4830,-7049
-10175,1463
6303,4983
-3727,-7829
-1998,-901
-1764,1929
-7892,-2153
-3045,3632
2820,5439
4311,9948
-1083,6108
-9193,4408
3475,-2581
3418,-3902
10139,-921
-11271,1248
-6363,-2935
3280,6493
-1637,-6244
10626,-1577
3540,-13924
4968,-2669
3845,4543
615,521
5311,-3817
3754,13438
-2292,-6384
-342,-4629
5527,-10212
3950,-4805
-6511,-2135
-5033,7893
-443,-2673
-1391,-3480
-5388,992
1649,3085
-613,-6687
-1792,2590
-149,-3812
-3833,9006
-790,-3699
8729,-7692
-4894,1241
-15476,-400
-3466,-9108
-499,7408
-3478,-11877
-8810,-1191
2522,11533
1781,-1575
783,6617
11473,-13928
-1524,1399
-5755,-5961
-409,-7336
-1539,8450
562,-58
-366,178
-3279,7088
-4049,-177
-5767,1327
1955,-1561
-146,-4509
11104,951
5229,-7162
-2146,2619
7007,1902
-4682,-7894
5152,-4093
-440,-2923
-3072,-2175
-6776,958
-2936,-2328
4202,3956
-8490,-2014
-1123,4015
-3681,3176
-2269,4275
3535,4321
-4180,1051
311,-284
3283,2489
9258,-4751
173,2277
6343,10371
4162,-4724
-657,-6989
-3704,-618
-6129,-1229
832,3161
10867,1033
368,4010
-7596,14031
-226,-3532
3611,-854
-21603,-5764
-10846,4369
-5808,149
7603,8711
144,-15503
-1029,4424
-2686,-4911
5245,-5060
-13033,-4228
3275,-5742
8463,1254
-3249,7732
1188,556
4189,7756
14482,-3783
8815,-752
-2229,-4678
-7990,-6488
-3617,17662
-3057,5183
-112,-225
-10671,-7101
-4225,1123
-6492,-5998
-3838,5686
-1738,6104
1441,4935
6493,-7275
-1463,-1242
-5369,1626
-511,-1310
-8229,2378
1448,10401
-1424,4146
177,-2772
-7080,-8263
-6717,-12683
2272,9575
10645,-3816
11552,-4443
6948,8429
2197,1356
8674,-5864
-3826,-5120
12050,1241
6992,-5599
-3157,2867
7421,7089
-1479,-5390
12365,687
892,5828
-643,399
-227,5197
-12011,-4621
3736,5401
2446,-2644
-1572,4327
-4549,-2508
4416,-714
-681,-5902
-4548,-7076
-3567,-1864
1968,-383
6823,-6362
9426,-2626
7603,182
-980,2846
4681,57
-1359,-5711
-4968,-2735
-7078,-3577
6476,-921
-2611,4978
1375,-5273
2190,2994
-9648,4741
8172,5428
6238,3681
4191,-3836
805,4397
219,7134
3918,-2413
-3433,-7240
6229,-3675
-4593,-3239
-2715,930
-6276,-3730
-2860,4079
-2149,-1503
589,-5481
5235,-2791
5097,7356
-2545,-1101
6405,4586
-5428,-3015
3333,-2318
3277,445
-5218,-244
121,-6412
-6931,9423
8604,-4042
385,-1191
4849,-69
-839,3996
-2353,-3673
-1317,-5995
5294,-402
-11621,12124
5922,-4164
4078,-2633
1177,4284
5023,2813
1939,-826
-2800,5368
1352,3704
2809,348
4213,-6988
3142,-8733
-506,-1502
6153,1417
-4264,3506
6290,710
-159,7497
-2662,65
5935,694
206,3609
3175,6535
2713,-7989
-3985,-3127
-5520,828
1158,-5489
-3352,-3108
579,-10744
11271,1459
476,6858
-3130,7614
3316,897
-2745,-673
-2544,4421
813,-5705
1716,8
2102,2516
2857,7
-9651,-2625
-6649,6481
3599,1096
1291,-2333
-3166,-2450
-7021,-4450
2282,8069
-4140,-13221
4934,-2545
-2739,3792
7302,-5561
-14485,-431
-9910,-4776
1105,4596
-4780,-8496
-1253,-4144
-765,-8185
-8383,4470
3601,-6403
4171,4689
-9468,2109
348,5148
4958,6278
-506,-6536
-3111,-4666
3834,-2472
1567,-597
1350,-2628
11146,7334
-3244,3624
-3413,-594
-2522,9535
-3682,5561
-5870,-825
1119,-5401
-7915,10232
-6960,-599
2358,-8026
-9010,8158
-2511,-557
-3297,-4521
-7415,-2592
909,6303
-7508,1826
-1084,2455
2412,5170
1318,-4624
-4755,4889
3639,-5235
-4149,-3097
6031,1595
-6556,-5380
10653,-4541
6258,1575
-1204,-10048
-5421,-2336
-12143,4925
2398,-11369
4864,-3988
4095,357
6058,-2093
-3796,-1422
-7306,4380
-363,-10309
5583,-11577
-1155,4397
-1731,-4324
-7849,-5074
-10030,-2073
2129,-2984
-17947,7938
8673,1010
187,-6789
-7694,5259
16420,-9382
4880,2346
316,2671
12492,-3778
-1554,4598
175,8941
-4087,2034
-648,-7984
1672,-1609
-791,-11903
5409,564
5257,-3979
146,606
-6071,3617
8790,-4014
774,10165
9620,768
7248,4846
-4630,2665
503,1836
6292,-395
-247,-2480
-4333,969
-9441,3034
-12647,1524
2323,-2438
-2865,-3909
8218,-5884
-6142,7735
-6513,-478
15941,-6374
4467,5005
-1906,2126
2574,3206
2173,5675
2551,6793
563,631
-259,2448
-364,-4144
-4355,-2267
8080,-558
3066,-9114
-4577,3055
4493,-4947
-1825,-3516
3138,3541
-675,11475
3367,-3172
-4410,-2290
1307,-4749
2739,6392
-10755,-1613
-2818,-5479
364,2032
633,2958
-2719,-2582
8718,7578
2292,-8653
-3806,205
-3030,3549
2533,-1658
-323,261
-4302,-7771
482,-8501
-2440,-1864
2465,9126
-2430,18095
-703,-4662
-1066,9649
25,-8010
-5956,3147
-4106,10447
9717,3641
-6328,-1440
-7485,-377
3569,-5920
-1900,-5526
-4468,-1660
4284,6324
3973,10747
2546,2830
-7294,4534
46,2850
-3300,-611
-2240,-4389
-5955,-3335
2823,6779
-2467,-1180
7458,8137
-10263,2324
9500,9647
1960,-5055
1999,3475
-1715,-1329
-5746,-2866
1645,1810
-7205,-5986
7509,-4849
2773,9568
-4567,4455
-4257,1231
-3140,-2078
-11552,4505
-3895,3305
4191,2380
-2563,-11234
5172,6097
5753,-600
-9390,-3347
-655,1290
-117,3387
2820,2900
6258,10037
-2138,628
2955,-5686
-1515,-961
-424,-7723
-2362,4916
-8206,-5382
-511,-5034
4341,-3796
9536,-6582
5095,737
-3210,-1222
-5494,1555
-6409,4734
-8246,10041
-4238,3695
-5638,8959
7037,85
-12377,-1640
-3128,6513
-12855,-1751
5528,-8035
-5239,-3169
1935,-2339
-7600,-5480
-5890,1007
-1251,4756
-9475,-2462
3319,2541
-898,-6510
15306,-2702
-2192,-2259
-1949,-2937
6459,-1052
5999,-574
992,-5037
2323,-4803
4250,1091
9166,-1296
127,-2822
3080,196
-753,5746
3769,2718
5674,-8629
-2266,-1153
-10172,5569
900,8498
-5895,9147
-1490,-6825
-7823,-691
-3735,7207
-1617,-4795
3044,1754
6355,-2658
-9235,-676
4166,1468
-74,5966
-3720,-2755
6559,-103
-2448,-2780
-6284,-1872
1578,-4211
-6917,5294
-7021,9402
15618,-8937
3044,-6510
-5785,-1754
-11306,4814
-889,-10364
-2703,-5166
2774,1220
2069,-4799
-2909,-81
7256,-893
-9474,6413
2544,1161
259,-405
-1395,6096
5074,7139
10164,3048
-1854,-1109
2348,5272
1221,8271
-4250,2684
2668,7621
3679,-4444
-1872,2426
8587,-2879
5678,12014
8653,5742
2287,-6257
-940,1110
-2261,-8611
4347,11077
-3782,-1871
-6136,-4987
-12926,12459
6162,910
11680,-9465
-3243,-11810
-1249,-4730
3329,-7800
-2410,-6584
3318,-3646
-1881,3056
-1131,1342
3448,7695
4691,1608
-8763,-5086
-8383,4173
3234,2674
11524,19141
5360,2724
8287,3922
-10369,-13294
182,-918
1074,2424
6022,6977
1926,-3084
-3203,896
1428,2231
-6066,2814
14174,-4617
2409,-4189
125,-2535
-4508,3844
6831,-10350
-5732,-9482
-522,-2181
3064,9001
-3468,7387
1766,-5466
-3527,-5097
2072,2155
-5591,65
2715,7063
-2804,-4147
-4892,4900
2407,-8686
1144,1740
-124,-1157
3609,-3294
-969,-517
-3307,1999
-1080,2875
-2511,-2599
2450,-4528
1524,5646
-3068,9005
-10528,-7032
-881,10074
5902,-3769
-4398,4659
-9086,-5587
4382,-3527
-4774,-8852
-443,6291
1872,-1991
4958,-1721
6632,4341
-2358,-3351
-2736,-5906
-923,2117
551,-9942
-1037,9343
2545,-9588
6217,130
-12268,5037
490,-5788
1185,359
5703,5472
1462,-969
699,5841
1508,2082
-1600,1217
3473,-1804
418,2062
-4246,11141
-3068,-9795
-7344,11330
8360,-18266
12399,6761
-7685,-2938
680,4880
-2916,-4620
3727,-1340
4136,-2593
-4072,8643
-5310,-12775
-3045,3404
-1209,8573
16395,1607
6960,6907
-4775,1534
-879,-5972
-7485,654
-2167,-2184
3745,-3426
6205,-6218
2096,-8301
-4790,-1103
-2430,-778
7509,8515
642,1480
10748,906
19,-6366
9855,9866
1212,1984
421,242
-13328,-6628
972,-933
4625,4351
-2045,5175
8316,-4446
-2412,-16375
-4708,-340
-3491,-5116
-3311,-2994
8209,1874
716,-2838
-9801,3415
2850,2592
8256,4779
-5700,8764
-5540,1617
-5323,-5417
4976,-2636
-3402,-7052
-2637,1997
5309,-1864
541,2818
515,-1335
7304,-753
-4257,1196
2963,3286
3131,-5082
4663,-5051
7,-2702
3291,-6092
-1416,769
5928,-7849
3212,-2534
-2099,-610
-5857,-7006
-7444,-3208
2884,413
-6277,-5058
1470,3915
-1688,-5544
4112,4039
-4552,-2849
110,-1325
2503,-8104
6414,1466
-981,3102
8790,4629
865,-13430
9331,9850
-8759,-371
-2628,6758
-3803,3659
16082,1977
-5878,7810
-944,-1009
-4037,-8921
4227,-4546
5289,2070
6510,204
577,-3151
4412,-2621
4471,3653
4244,8257
2380,4139
-336,506
8632,-1626
349,-6814
-1836,-1406
2012,4594
-3755,3304
-1499,6045
3635,9501
-10547,-2663
2575,6775
-1893,3737
-7398,-4468
-165,5924
-622,11242
6310,49
-924,4458
2736,-1469
-2550,8491
2553,1547
-2950,-1056
-4697,-1764
-6632,-5949
1723,3960
1761,-1405
8092,-9324
-6365,-5932
-1715,-1951
4398,7187
6761,-10766
-1167,-2601
-3789,795
-560,3298
-5649,-6421
-5115,9540
903,136
1519,-7567
2094,6916
-5779,2195
734,2376
4935,-8385
12601,-2973
-6195,-5425
7521,107
6722,3799
-10700,-2134
2722,15468
6997,-2826
-4887,-655
3091,1393
4535,-3422
-1474,3615
5172,-4536
4998,10698
-796,-2963
-3354,-1493
3979,5614
-4143,6587
-10092,5058
-2767,1548
6796,-8989
4223,7182
-5296,5827
993,-3787
2132,5372
-5629,-6942
3891,7910
-8040,-4099
1973,-770
-4907,-6849
-5350,-5797
1607,5015
7965,1340
-5727,-6091
-9321,-6899
-3090,2133
-5473,-1993
2389,2103
-3578,-1973
-10724,687
8234,2139
318,-4626
5413,5905
790,3000
-391,-4156
-11615,-2306
-2870,4477
2448,-2844
2762,-8132
-3843,-12051
8196,564
-2527,3952
-3177,-1280
2385,-10950
13159,8652
-1173,4438
-14,-2969
10257,-5895
2757,2935
1508,-778
6566,13025
-3100,5578
788,6540
3096,8885
-1458,-2528
-5684,-1147
1351,-904
-1688,-1839
-9854,10021
1639,-2569
-2427,3706
-7948,684
-4206,11349
-1012,5638
4823,-5230
3360,-4663
13071,-9490
8650,-2654
-7949,-317
-2516,-2235
-3410,-2563
2489,-640
-1400,-2489
-2243,-491
-2221,-490
3377,2198
3593,9541
8123,1596
-4665,4198
-124,171
1582,1098
-7103,2545
2270,-2770
3778,7278
762,-8460
8727,-1262
4410,-904
-10250,5510
-6058,-8996
4149,-1686
9099,-13437
-2744,-1220
-2893,377
-1935,598
2657,3798
3316,-8951
-4711,5721
-22,-5963
-2451,1735
2444,4631
-6658,-2536
3411,-763
3925,-940
4712,981
7672,7895
28,4597
-7363,270
11702,-9314
2164,-6482
-10781,10301
-10029,-10938
-647,-2346
6644,-6670
4408,5832
11789,-3009
1670,-6502
-2445,-3992
-2291,-1423
-372,5867
-3467,-4476
-7227,4686
-9369,3123
-17834,-5894
4425,-8815
-6205,-5241
-3658,12947
-4394,-1178
-2976,3608
2038,-765
-8690,1610
-2044,-5262
-6276,5557
2439,10483
-1252,-12403
1723,-56
7292,-1713
-1965,-8059
10016,-5652
-6651,6046
3404,-18152
-4366,3358
-6632,-15155
-6173,6003
2986,9128
-5462,-1697
-4743,-8638
-2595,-8620
-7101,730
-1067,-5948
6965,-991
3158,-357
-7684,-12275
-8604,-3163
4770,-1141
1812,-3057
-1609,441
-4902,-5322
1093,-3213
7309,2431
4707,-2513
614,4376
2154,-7196
275,-623
-658,507
-3145,-4350
7894,1595
-1648,1488
4058,13079
-26,1208
-386,7
-1271,6859
4687,8890
-1196,12655
-1081,7747
11375,-5151
-752,1378
-39,-6992
1882,3280
5792,-1720
2866,-6655
8357,1098
-1587,-895
-7629,-5442
-1539,-6079
6868,-3608
-27,-840
-6001,-4878
-4754,7173
2330,-8463
-4549,-2603
9802,5433
-4884,-2564
1120,5018
-5854,-1107
-2541,340
-4886,-4784
-6150,8403
-3869,-1920
-9369,3797
1811,-5459
1267,-640
896,-6713
6148,-8623
-5711,3184
3528,-796
-2061,3949
-1032,342
5828,111
2833,-2155
6356,19558
-1172,3865
524,13539
-2663,-4605
7304,5216
-10704,-5044
-2443,2000
6537,2868
9279,12040
2979,1905
6831,-5688
5539,-4342
-7884,-4657
-896,-237
-1774,-3305
-59,-954
-5068,2011
4483,-3169
-5590,4901
-1022,230
-1659,8177
6643,-6588
2629,-2937
1998,-2100
7069,-3119
-1286,-75
-2460,-5608
-9049,-2719
-3206,-6430
-2146,5275
8913,9291
-7148,-2245
287,-2436
2753,-9704
-3815,-3743
4881,5143
3653,-6009
-6156,10048
5038,-9106
5838,2055
4962,-1824
-280,-3665
-9948,-6667
5727,-1010
-17673,-2457
-3882,8876
3967,-7935
-6,-3772
10319,-3916
8641,-393
-1422,-1364
-1435,5179
2162,-8339
-978,-16940
11760,4951
-1016,-8923
-8129,-5654
5773,-2158
215,380
3890,-12226
2518,425
-3290,8305
-4190,885
2329,5127
6365,-898
-5178,4110
-4849,-7381
14353,1107
3955,365
-6408,3300
-10425,-11645
-1924,1454
-4838,6827
6732,-3071
5846,-10110
7410,531
646,10697
149,-11515
-7073,-3024
5373,5486
-2070,1990
-11247,2432
-1733,3592
-1776,-850
2935,-1469
1656,-2803
-3280,-751
308,-2337
-2430,-2334
10605,-7281
-10997,3319
-13185,13
-3411,5647
3047,326
5902,4682
4522,4200
6564,-8205
-205,2554
-845,-1426
-7356,884
5740,-12546
10121,-5475
-2807,-50
281,2423
323,-1515
-8058,953
-4005,5311
-9844,-83
-7514,2128
879,-598
-11653,4838
871,130
14168,-6421
-1827,3422
3361,2577
-18,-3119
-4171,-2326
815,3597
-763,-3866
-8290,13779
-8995,11
9135,-5500
-7016,-1131
-1727,8894
-7755,-4782
710,-750
14096,7682
-14214,3103
-5656,-12304
5568,23865
5536,10792
3259,-2906
3172,9173
-6004,1819
3129,7788
12231,490
3106,10069
1784,-312
951,-13028
-10428,741
5411,-4553
-7763,-5918
-7093,627
-5306,-6972
2855,3744
1527,-1207
5109,-8825
-4725,2036
4578,-6018
-932,5767
11598,-603
-5983,-3642
-3022,-13764
517,8592
6949,10108
1031,-8207
5156,8598
1744,-1535
600,-4585
-2033,-3591
5049,2081
8633,-8938
-6618,-9330
6567,3285
5415,-2653
10517,-8436
5593,-1709
2178,1677
-415,-8410
5292,4566
-11292,-1359
1802,-4030
3186,-10674
3688,1771
-9931,6608
-640,-752
-3263,10424
1215,2112
-4881,-600
6916,-3581
3552,-3799
-4000,-6949
-3949,-2592
456,-324
130,1687
-383,2599
-572,223
1378,-693
5537,-3418
-4359,-2645
-5847,5709
-6946,7024
6326,5126
5879,5649
-767,10975
-8206,-2240
-9787,10199
-12336,922
379,-880
6264,4479
7094,5760
-11152,1292
-2897,4780
13155,-8710
-9074,3684
10032,-2890
-9746,1358
850,705
-496,6309
2677,-2575
3943,932
1122,-46
-1323,-10356
9307,-2718
8093,4142
-9364,9753
-9500,-5204
-773,1506
5191,-7652
1693,-1349
-3503,-8034
435,-1525
-5662,-2758
-1117,4865
877,-2061
-7253,-8374
2166,-12765
291,-898
322,-14298
-5158,-2888
3152,3072
-6513,-2066
3832,-3045
3184,303
4968,-1044
-1591,3126
3148,5108
-10169,6122
-6612,2093
-2384,10252
-4976,-3676
5048,1015
576,-4981
-8511,1886
-4482,4503
-94,15331
-3174,-1051
-1423,1414
-4678,3732
1928,8344
769,6095
-2168,1908
3118,4089
-3709,-7267
-1876,-2122
1997,9425
-12408,5098
1609,-4942
5708,-970
4530,-2307
11508,1285
3024,-6629
2505,-8125
-6464,-2054
-8480,-1525
-2985,11380
-3768,-7776
-2204,-2395
-3110,-3334
3117,-4142
6731,1147
-4651,-365
10330,-10731
9123,-311
3300,2310
7597,3179
1166,-6199
-1827,2949
1371,-2929
-8149,1244
7817,-706
-3619,3468
-2584,-5106
2421,1140
9070,-4189
4324,3358
-6043,-7022
8447,8802
-195,3662
-1519,-4541
3033,3601
5929,1600
11917,11744
-4474,-2677
-4040,-5895
2516,622
2019,-6371
-10317,-5368
-10061,179
10350,5713
1715,891
-5990,-1327
-6681,2318
12837,-3483
7499,-3763
4790,-896
1435,520
3515,-3623
-2535,-9417
7030,131
-4267,822
3933,7175
12840,-875
-6113,-516
-4935,880
2600,-6191
-4152,-10298
6407,12265
7482,-59
1804,6019
6429,3169
900,-2541
-6125,9519
13032,-58
-2876,29
-13545,-4942
5695,8515
-2077,-3735
10524,201
-1740,2519
4497,-8168
3330,1249
-3674,449
-7278,4008
3442,-594
-11846,-2473
-1574,8293
-93,200
1447,1439
6432,-2079
7508,6999
2410,-233
-7687,-5967
1538,7612
-4808,549
1590,11797
8506,3988
1640,-5662
-3184,1661
4431,-6929
-4723,8052
-4023,180
-11687,-4045
190,-4219
927,-3179
4205,7856
-3993,6454
8004,1800
-254,2675
2416,12484
-482,3828
-448,7960
6304,7847
174,-2355
-7958,-2816
2672,6319
4184,-5249
-7051,5399
10198,-7617
6825,-8122
7233,-11452
5420,-5716
6490,188
-10787,809
4530,-1575
1872,621
1916,5078
7014,3697
-5880,-2194
-6499,1627
-10414,4944
-424,-5207
-6933,-4461
-1436,-3400
-2451,3682
3875,656
-5820,9160
5697,4908
3056,-3806
7791,-2628
3340,-8227
10489,-6311
-5776,-992
9263,-8859
-4585,5320
332,2131
-3152,193
-2268,4104
-2697,-6826
-3134,-6703
-6660,-4991
1634,-17007
10992,-8666
4475,2872
7155,7822
-7112,2542
-4263,1338
7704,4259
492,-5630
-4648,-11985
73,-2582
-2331,-11942
-4464,-3244
11983,1061
-7821,-1676
-4049,4570
-2132,81
-3577,-360
298,-650
4623,927
1132,7462
1474,-393
-5872,4651
1724,-804
1221,3625
-4544,3222
6750,1332
8955,5112
13765,-10045
-8271,-10820
-7114,-6371
-12306,896
-8395,-1958
-9276,4692
-4763,5323
-3960,-6384
2298,6559
-7524,-956
-1387,2839
498,3435
-7803,1841
1876,11694
187,-506
-6624,-4000
-690,3666
3569,887
566,1410
-8536,5141
-3828,-5802
3942,-1716
12986,-9078
7701,4825
5586,1683
858,7060
-2622,2250
-3722,971
-2411,-10589
-3028,9186
-8201,-8312
21,-2979
5510,-6333
-1447,-12864
-2520,6029
1856,-6642
703,-6214
2529,2820
1635,3579
-6524,1041
435,10748
4022,-13107
-2164,-1641
-4813,-7680
5407,-337
-3722,758
5185,9762
-2614,-15300
2237,4244
6450,-1409
3901,200
945,5983
-1673,-3706
-5113,-2755
-2609,4892
-1291,900
3525,-2444
9808,-6070
-387,402
1641,-7987
7063,6437
-3546,3874
2108,9016
-4960,416
-4230,-7476
1203,-7406
5466,3409
7054,4757
7577,-325
5421,-1909
43,-3178
10637,4013
-2595,-5335
-981,-437
1925,-10856
-6417,-7187
-1113,-2550
2981,-10868
-3259,3318
7298,-617
5250,-3405
3782,3165
6856,-780
6780,-7074
-6436,-1561
-2269,4122
-3392,4940
9958,2377
-5321,-3871
3578,-3102
11387,2090
-1204,-202
-5997,-809
7700,-2810
-4928,-3114
6090,2277
-7588,-2809
6488,-2654
-3321,7457
-586,953
-5971,3863
-8783,-2347
-5432,3720
3773,-8699
1925,-10166
-8315,-4678
2828,144
-7177,-6208
-6010,1867
5460,-7894
8066,637
-1746,-1842
-3188,-2197
2272,-672
4100,-6440
2723,181
444,-6076
-9193,-5243
-6961,-1970
2565,2064
305,-1651
5441,-964
2797,-3701
-1885,2885
-1465,3076
3918,1937
9986,-4529
767,3581
13182,5330
3582,-8138
-2772,-2094
-6545,5642
-11798,113
-3000,-6880
-361,3024
8176,429
820,-2469
-7172,-233
-2030,-5235
-1068,-5697
-13341,-1189
3825,-5180
-6400,-3660
5939,-9182
-1278,9166
-2738,-494
2003,-228
5166,-4279
-17062,-7819
-651,-3052
5504,-2207
642,7727
-4586,8099
-809,2101
-1265,-241
-12455,358
3063,-495
10686,7900
-5471,12332
-4058,3321
286,-4423
-104,-4326
-4608,5594
8430,-3452
2230,-3283
1275,-6066
-7023,6373
3279,7657
7326,-2190
1402,4565
-8310,-3109
16128,-1067
-2850,-11115
9853,1310
-5696,1644
2037,2001
3804,-1334
-1770,2598
3144,4928
-11146,3718
7773,-3838
-2238,-7183
3630,-4968
7793,575
-10692,-5324
2744,2092
674,4895
3460,-2560
-5658,-14407
1128,4310
2259,-4655
3728,-6705
5387,-14746
1227,-1801
3952,-4856
-5631,6353
3494,-3616
-5639,3197
555,-145
-2261,1938
3299,-1232
7003,-2672
-16023,-4717
-2025,1336
-4400,4532
2233,3356
465,3116
-1308,-9932
-3049,-324
-2600,-1817
3451,-3300
6852,2019
-1463,-5593
8248,-12548
3533,1930
5807,1283
-3990,-7795
1849,-449
7378,-367
6518,12192
10669,-1753
11944,632
7945,-742
-12731,1381
-5784,-1232
-7692,-8835
-996,3970
5866,3909
666,-790
363,5847
-1800,2478
4002,-320
1513,-199
-1600,6347
-4207,-2459
5267,6935
8430,-4066
-6280,11810
-664,847
6187,-1341
1490,1242
-7752,-4782
11026,1386
580,-3428
-8167,-1389
3801,1787
-6565,6050
71,6301
3476,3830
-2188,422
541,2152
267,-7729
-3448,5727
-5447,-2284
-4278,-10890
-2172,-1046
2440,2564
-2160,2716
3579,54
-229,-1022
-352,-2695
10799,-5197
6435,3248
-5638,5070
-477,-7166
4725,-10813
-3266,-10921
-1713,-9769
3049,-5167
5369,-3459
-13016,13492
1378,-2282
-1861,-15121
1917,4240
-10195,279
-1372,5273
-1766,11275
236,6862
3266,-2747
3891,-6188
-7931,2978
4091,-5171
-3194,-6458
3817,-12548
10605,-1348
-989,5529
-9333,727
-129,-9681
-15,-9055
-9270,-7227
-4838,-1121
-5583,-6057
6468,-1998
-6802,3319
5979,-15
7529,-5556
-4796,6874
7152,-8548
-7480,-3643
-9398,-1054
13122,-2016
-14158,713
-745,-2462
3852,-2825
-2123,2045
-6304,-8990
-5726,3388
-4100,-10841
2886,4668
-5376,3186
-8931,-4672
-9416,-8031
-11472,2351
870,2293
-8753,-4182
13287,-790
-1764,5224
9492,-1003
-1721,-3454
-1984,-4610
-103,-7167
69,-3189
-1856,988
5115,-2924
-2290,-4967
-2507,11028
-1956,-9577
5510,-2917
-7838,-9382
-4385,-341
-9598,-4891
4375,5990
-4567,-1859
-1776,2043
1332,-1174
-1467,-2338
6310,-4734
157,1434
-6786,-2154
-4623,-4296
10680,-2196
2323,-3611
4113,4788
-5753,1223
-3685,-9074
-194,1742
-1387,-7249
8122,-2821
57,9883
1193,13138
-4774,-3750
-14384,-2180
11556,-6521
-1457,-7336
1449,6824
4067,4880
2524,6754
-2004,2368
1230,-1166
2396,-5885
-716,1400
4721,-1564
-830,9465
-2267,-2400
754,-9425
1732,1510
1130,-1158
-4377,2595
-409,-1477
552,9520
4916,-29
-1137,-4105
-2189,-405
4946,-11692
6492,13092
-8874,-6858
-5196,-1459
-3247,2771
565,5138
5035,1433
3178,6562
-6781,7165
3349,7270
-2044,2133
-764,7112
2834,-1525
-3156,352
6728,-3789
-4047,915
2859,-408
2075,4736
6741,15289
-1021,5531
-6171,-33
-2995,16682
2187,-4656
-3172,5492
7572,2747
5796,4609
1309,6471
-10725,-355
-1620,9895
7545,-4039
484,-900
-3952,7488
3654,-4525
-8758,1774
-822,5694
-2376,-1286
2937,-7291
-9898,5177
2765,-1207
4082,-8318
1754,-1967
-10418,1029
-583,6104
-106,-736
7831,3156
-8975,5709
2157,-6658
5439,4170
-10476,-2150
5201,8300
-6577,-417
-5488,7943
1154,3957
6614,13090
-3018,1458
-9941,5532
-2246,-299
-139,3101
7408,4004
-1139,3100
2516,6673
741,-3094
-6048,6960
1524,-3207
-3273,-7752
-2918,-1893
-1746,-1101
-221,2963
6822,-5015
3281,2232
3185,-3193
8861,-5663
1069,2353
-2030,-11679
-6766,7157
8300,-11135
1870,-1612
3164,-1069
-5375,-5927
3437,-6453
-2504,4593
-1809,8743
-89,-2928
5937,1189
-2639,-1434
-4436,-13774
8167,-3526
245,-6126
-5478,1319
3674,-1310
-1299,6341
-3162,-305
-68,-7771
4389,-5441
6016,3776
3669,-1618
-14702,3882
1714,-7280
-1517,-2003
1809,9523
-1494,4780
9014,2174
1398,12688
-7808,1871
-2581,-14547
991,4098
2221,-1677
-4048,-397
-8815,-306
-1453,3274
4837,3119
3801,-4332
-2064,-1837
-4632,6464
2354,5553
664,5377
-68,3955
5616,501
1082,1832
1653,4666
4820,1285
-5468,-5372
-2755,-1490
6140,-9816
-85,-547
-14782,-252
-2897,-92
5153,-5404
2816,2931
-9542,-10015
-4661,1024
-5607,-18661
11935,7749
9697,10867
5245,-1332
12226,559
-1042,-7852
-8066,-812
8517,1521
7229,-8831
-3953,-1612
3408,4564
-191,-12462
3706,-6732
6514,9772
-6845,-6297
-13307,1043
-665,10408
-6430,3366
-9697,-2291
-4863,7144
-1872,-13773
-5080,5058
-275,-545
-239,-2587
-7479,1713
-3800,1801
4334,1426
1492,1755
-1885,-3873
3691,6836
-5324,-6109
-5499,-445
9038,-6275
-3169,3293
5569,-530
-3147,1449
-4517,-10367
6125,4274
3802,-8427
-3894,-544
1732,-1776
4755,1940
-6321,-896
15497,2247
-4128,4854
-8437,-6119
2185,8376
-4422,-3233
-9676,12636
-1246,-763
2704,-2497
-4676,-5514
-9333,6328
2004,-19
9736,4705
-4840,-4263
3875,-955
5491,-7010
2317,1154
-820,-416
7233,-2885
2780,3589
5608,3945
1264,-2894
-6101,9991
2932,1871
1021,4931
-9893,6795
-433,4844
-5025,3700
-9705,1832
8287,-1569
7917,-3239
-953,-6643
2712,4513
-8985,-2083
-1122,248
-4677,3560
-3631,-1008
-2073,-3105
5626,2726
-3241,-910
7498,691
-4124,-832
5276,2196
-2930,1765
-3490,4943
-3197,-332
-2066,-7257
5745,154
514,2141
2505,-7704
3644,4211
6881,-2625
2706,6097
-7304,3303
-6509,-3168
-3836,-7665
695,-2094
2397,6298
7289,-5437
-1229,969
-3543,-7300
5725,7310
-7345,-12342
363,6171
-2235,-472
-2722,9531
9863,1923
8341,13887
2184,6756
5980,4714
661,-2099
776,-334
-262,-3722
-6081,376
7518,4417
523,7201
6433,-7450
-742,2892
-2005,2142
6252,3441
7097,-4796
-4616,1845
16112,6557
6272,1603
6274,1362
-172,-3510
7600,-3928
-1176,-10040
-2610,4369
-7417,1968
-16583,-6131
78,-282
514,-7465
3781,-7202
-10558,3685
228,-1834
-3892,50
-2866,2005
3928,1982
-5182,-5029
1031,-9372
-568,9912
2958,-9089
477,-6147
-3172,-4818
2288,1854
10131,9393
-4167,2293
-1271,-6069
-267,8357
-7856,-853
-4271,-11237
-993,2935
1912,7263
3101,-7433
-2788,-7095
-4140,6167
-6850,3782
1048,7138
-3581,-648
3643,-10851
-2274,170
-1780,-12270
-1142,5125
5554,-124
2081,2632
522,4272
2531,-4159
-3602,-8160
-4802,2168
-858,2292
5965,4129
-1002,-4064
-74,-117
424,3022
-3089,-9001
-2040,2069
-938,7626
-308,-5128
2512,4641
-5156,5704
-1081,2845
6350,2898
6362,-2532
-4388,5970
13634,3841
3131,-5224
45,3988
740,-2259
-10170,-4740
-4464,-3427
8618,-624
-7980,-4842
-343,1824
12497,-324
3088,-927
5759,-3872
800,3736
-4876,16384
-2060,-2407
5863,-1993
7075,-507
-71,-291
4349,-3981
4825,-3230
1501,6380
-2797,-3852
-3134,-2055
-2673,3100
-1482,-610
-125,-3167
-3048,1458
1777,-8764
10589,436
-6004,-7387
5526,-8262
-5932,-205
-314,5
-3027,7691
3439,6828
1371,329
-1791,1800
5408,-291
2683,-7576
26,-15555
-1065,-9431
1212,-3316
794,139
656,1883
6196,759
3533,8374
-8501,530
-6887,592
-1181,4068
3692,-2880
1412,-3572
-3456,3606
-12474,-4156
-858,-7008
1353,-2796
7776,6528
-2757,-1247
9432,843
-4825,2957
6281,737
6201,3303
-7654,935
3023,2091
-4359,2380
143,-9084
-2654,-3776
8581,1402
-180,2909
1282,6363
4851,-1182
3755,4950
-6349,7100
-5194,-3688
2842,-7229
-1780,1676
-13113,-8416
-606,-2753
2633,-6141
-9527,-1709
-4338,749
-996,2243
4774,-4142
5128,549
390,3803
6654,-6122
1873,823
2650,-6824
155,-2647
2836,2311
-2452,4700
-16445,-6508
-3924,-1610
-4054,7587
-2340,-4378
-10905,-1784
-1121,6799
5654,5527
-8891,8705
-4137,10102
-2341,-5312
-134,-3816
-7901,-7651
10480,-1522
-7086,-6218
-5119,3541
169,4517
-4058,3582
-294,-3211
5502,6175
1770,-8873
-3209,-6297
3848,4540
-4780,1890
-3309,4912
-625,3028
6285,2100
-2086,2962
-6262,5252
5109,4366
2005,8985
2498,-5521
-3603,-714
-7139,-329
5783,-8698
5755,3326
1242,-10636
10324,-560
-4263,2265
-3770,-2767
212,-5103
5130,13174
-2411,-6789
-758,-812
167,4312
-989,-7386
1704,1353
6922,-2342
2408,-1270
9119,-788
3981,1207
-5456,1327
5320,-11832
1688,-1152
-3248,12904
2204,-1007
-3916,5975
8506,-1572
-5129,-2722
-6213,6049
-1098,-7682
2219,10990
-3518,-540
-208,-20
-1496,-1933
824,-4561
-11,-481
-4845,-3798
3562,10500
994,-6243
-109,-2779
4476,8815
2209,6823
10392,4166
6232,-3938
-736,8233
12461,-1291
3261,739
-1332,8663
3107,4021
1029,-1151
3619,-3370
-2743,14683
935,-2546
-9958,1463
1068,-4229
7011,-6636
9909,-870
13074,823
-661,4737
6014,-2877
1649,5320
-3446,6394
-6522,1013
-10609,-841
2169,-374
-3349,936
-11388,-3189
-5177,-243
-5654,2916
4965,-4032
-3920,-3790
6588,3573
-8762,-3633
1749,-7197
92,4941
-93,3100
733,-17837
-4920,-276
-6904,4125
-7023,-2175
-1111,-1620
-12822,-7178
814,-121
113,-3212
-3027,-9103
-7727,5725
-413,-3523
2365,1079
-99,-3121
3969,11870
1859,-3020
-10935,-2944
16124,2429
4117,-2166
2099,11841
6299,-10593
-485,2502
169,-4508
1217,10420
-8790,-7518
4147,1715
3203,430
-802,-5437
-1324,10374
2905,-8470
2767,-3502
-6390,126
4192,-10351
-5775,5564
5315,-5019
-988,-4695
431,-6985
-4543,-1856
1188,656
-8118,7253
1893,5392
1802,-75
-4267,5341
-3291,-11187
-2940,-1901
-3181,-4259
-2720,-1683
2618,4768
2830,7236
-3929,-721
-2722,-5736
9250,5184
-1982,1288
3903,-7425
-3387,2371
1492,3689
2210,10426
4645,-996
4624,-2064
-1037,-6178
-12497,2135
1476,-879
-1319,-17300
8381,1855
4926,-13867
10274,3740
8117,2103
-6693,2130
6839,948
-707,-6934
2368,-2212
6110,3134
-8481,-1304
-864,-93
9194,-1863
2858,-785
2272,-2941
539,-875
-4049,-1255
-5887,4670
8192,-630
108,-4406
4412,-8953
-7054,4451
-5269,1883
1370,-3631
5077,-3392
-10849,563
-2684,6675
8966,288
-4868,-985
-1330,1996
661,-2970
-4450,-8000
-3980,-118
5247,4310
2846,4949
4556,-7919
1625,4769
-341,-293
-427,-1892
5669,-2416
10506,-658
7568,2931
11569,-654
-6789,4865
-4512,5635
5205,4095
1018,11313
6984,192
-4429,-264
1256,1531
8236,-2936
-6274,-4939
-10665,-3805
3629,-7361
6420,-2659
-7000,-10176
-2259,7093
-9297,3560
3982,-2386
-1752,-7024
-634,2151
-3164,2256
-5399,-6455
8487,5963
-9634,-2768
5033,4074
734,-3510
6094,10516
2142,-11513
-1202,-2283
7124,-2577
-168,-1890
124,1254
-3183,6163
-2000,-4802
10453,6060
-5070,-3935
-54,-2068
11712,6733
5288,-6261
-1688,1405
6234,2585
-4481,5249
2922,-2811
4692,-27
-2649,10293
-4459,-4400
4013,6441
5853,-2178
8526,2862
10805,-5201
3378,10250
4120,11727
-4390,1416
-5372,-4614
-12591,4020
396,5302
-251,8851
-2894,3757
897,9455
-8512,596
-4256,-3795
6258,-8997
1035,1729
-9800,-3108
-6816,-3495
6393,-2483
6913,4302
4973,208
4507,-4875
-2095,144
-5313,-8895
3032,12980
3056,8209
-1160,-4573
891,-1328
1043,-3333
7025,-4441
3782,1709
-423,10646
4768,4701
485,-7860
2815,13707
8452,-3314
-6500,-996
238,-7079
-4348,4373
-1123,636
593,-3568
6232,-6364
4897,-2050
15,-3466
441,-2311
-2961,2455
8849,3413
-3313,-3540
13698,933
-3473,-6521
-1450,-6819
-82,2479
-9616,-5434
-3990,375
-185,-1086
4573,-2187
-2190,-3458
-4227,-4964
-2957,5343
1926,-3188
-11203,501
-1349,-3913
8899,-9741
8343,-9361
-2538,-5336
-2116,-10020
9472,-7288
895,-11766
-177,-610
-6084,-1844
-590,2785
9111,-2802
-1533,-3611
7052,-4868
9283,1910
-4400,-6415
-9834,5934
-4147,-8778
4082,-6890
4008,-10490
434,9590
-196,-1574
-8198,5293
-92,-10614
-13145,3762
-7367,13334
7228,-9126
-2428,356
1626,8878
8043,-10835
-7419,-5351
-5070,-1015
5994,-1884
-895,-2526
-2302,-10241
-5468,-5294
7453,-4325
-8981,1667
855,1023
5727,7232
4021,-5483
-103,-5362
-2114,-4821
1022,2784
6304,501
-1487,5539
1707,-12796
-1041,-13055
10510,-7024
-3279,-305
-4676,-469
-899,2497
5699,6309
-9277,6307
9394,-1864
1715,-5023
7952,7282
-3983,-39
-12118,3994
-4130,1108
-5359,-3759
-2735,2033
-7712,4463
1200,-945
-188,-8886
-4012,-1499
3056,179
350,442
-5476,1752
-1114,-4120
9675,-2306
-12444,3831
-3580,3961
-12294,-342
1487,-5249
-5278,-5994
323,-898
-3984,6181
-276,7547
1321,-1756
5174,6444
-157,371
8020,8692
-1641,7850
4966,-4857
8680,748
-3650,1655
5835,-1372
1869,-975
13474,-9867
-10561,-539
-7857,-4990
-9614,-1095
-5850,8700
-7441,1705
820,-9003
-3292,-11081
8607,-976
37,9297
6096,7346
3252,-4506
-9107,-4431
-443,-3812
3850,-12184
4831,2360
-1261,3614
-2013,5839
-7361,2241
7233,11025
-7607,-2123
1603,-2568
-10214,5539
-1079,7558
1395,-4259
-387,181
-111,-4012
-1534,-3219
5943,-6870
-3579,6075
-2375,-6473
-251,-6280
-1048,5655
1051,2849
9360,-1492
2261,-7473
-5091,3589
3659,-6018
-9906,539
6150,7369
4614,14473
-4572,188
-8216,1293
1151,2738
-11629,973
1459,4274
5328,-5374
-3189,-9206
6708,970
-6218,11193
-2809,-1773
-5549,561
-3958,1896
-5096,12550
9291,8729
15174,-9873
8403,-5458
-4623,9766
-2633,12550
7,4556
4612,-7146
-369,2781
-2942,10744
3047,-2513
4694,11549
1453,-2283
-1296,6924
-1470,-6494
-10845,-2948
-3318,5988
-3852,-5206
8346,-14
6019,5952
-11023,-988
-6488,988
6136,-2094
164,5194
-1166,-4259
2733,1582
-8099,-5618
-859,2084
-10891,-5891
-5243,-10371
-1595,7744
-6039,887
1971,-10547
-238,3484
-2639,-1643
-178,-4723
3614,-8460
3914,6705
4424,-2169
-7280,4512
-2845,-5546
6697,3111
-4162,9601
2581,-9797
-4985,2747
-2714,-1496
9878,13373
345,-348
-10539,5540
1753,-6965
7493,-3063
-1323,7443
-12571,3322
-4189,9050
-2734,-1478
919,-3999
231,4296
2343,-8452
-2535,7377
1001,-2584
1589,4874
8951,-4769
1062,9260
4139,-6464
-6701,-2484
4850,5311
1195,7542
-8237,15975
1754,6623
3628,6525
-3281,-2542
4142,-6591
-10152,-3193
2770,3410
9393,11365
418,-6165
4561,9097
-2133,-6309
3090,-6454
12132,-5013
11546,-1717
528,-433
-1280,-5493
2115,10602
-5194,-640
-3719,-6314
-4341,-4221
330,-8189
-10973,7738
14490,-1683
9675,-18267
-6183,-7166
-4848,4937
-4951,8214
6411,-6967
-1650,-3095
3441,9077
-3087,-1855
1750,-1898
-538,4401
-3065,-886
-8364,-4662
-4369,2272
5218,-5192
2754,6486
3811,-7405
-5533,-4134
8408,-1950
4162,-3469
-1806,-11392
-2298,-911
6714,382
-5965,6689
2124,5579
10809,488
-8713,1802
-8940,11241
6702,-4694
-2745,5734
-2280,-1081
6031,-2947
7026,3668
2505,3597
1717,-3204
4823,-982
7302,-3723
-757,-2807
1735,1169
-4015,-2822
-471,3442
3380,-6259
-2781,-6293
-5505,7183
4547,-6056
-9361,-1484
-9712,-3114
95,-8271
1764,-9254
-4000,-473
443,526
3443,3606
-5480,1942
2749,1029
4223,-5301
1622,3087
-3994,14622
5953,-682
-3177,2104
332,-4026
-1743,6204
-6818,-15931
-1143,3547
7437,7701
4340,2493
-10680,-4705
-3441,4497
-5845,7404
1268,4679
2209,-9668
4511,6835
-2155,4356
271,12372
733,6305
-96,4148
11389,-1844
-1994,-4199
-4190,-2663
10413,2328
-10262,5865
-1126,4109
-1834,7183
-1799,-4445
-6064,-2520
-3478,-433
-6699,360
5092,-1887
-10116,-3256
-1039,-7513
3901,-7171
-3085,3983
-4092,162
-2957,-5037
1233,-5841
9578,-4410
-4159,-1008
-2303,-4829
-21,-1515
-7892,-2697
7565,-917
4919,-4696
13713,6952
-2743,-2338
7141,6232
3729,-5912
-1142,4553
-12242,-2097
-2852,8972
-1626,3484
-7173,4758
735,9678
-5624,-2442
-3428,-362
-19,-2512
-198,-10111
-8122,-4506
2387,-14048
9761,-10234
-5996,4371
-3992,-13413
7364,-971
3770,-2738
539,-7639
5010,-4983
-2158,-4823
12380,-4334
5391,3285
-1607,-1051
-19,7374
-1082,3823
6894,3352
3809,-2194
4058,-8607
6243,-4171
9154,-5100
-557,-6790
6338,-8575
-4149,10577
4373,2847
142,-3910
-4876,2308
-6190,923
-8109,10447
5727,-11695
-3998,9622
-4897,4107
14420,-1045
5494,-9837
4927,-7011
6074,-5253
6288,6687
8888,-10359
-3635,1469
-2354,646
-4328,-2280
-10185,1337
3829,4429
-1779,-5307
-1294,2887
4284,4477
-4600,6100
5378,-8560
1531,4685
391,-223
402,-1115
-4743,879
-6154,7494
3961,955
-4790,-3642
3015,6359
-1751,4532
1466,7229
2713,-3090
2201,4870
-865,-5128
5142,853
-3722,6143
1855,5189
-7979,4939
-4141,1300
-1517,-2325
-4588,-7004
-6949,131
6666,-4301
11681,-1393
-11964,-8700
-8543,8147
3727,4909
-4501,3404
2148,11405
-1317,1004
-8093,304
6500,-1314
-4468,737
-2861,-887
1561,6858
-7564,4044
-824,10166
-706,5211
-7916,235
5704,-1429
-4794,-2513
-3945,-8506
-1705,4706
-3957,-4675
148,1904
-51,-2568
18319,581
2398,-6939
-2613,1265
6368,1169
-5929,5979
2888,-3435
6598,1227
-9643,-1572
2551,-10116
15926,2469
-1142,2706
4849,-2794
2138,-805
-14939,6929
5469,-1726
3402,-2331
5528,-5027
1211,6298
-3479,-4849
3596,-4536
2358,-6006
-5014,4527
2078,-5430
17819,2792
-806,504
5833,6040
9367,-5801
5428,1971
6940,-1867
-909,-7095
1764,11215
-6608,1998
-9881,1736
1469,6191
1290,2702
11033,-3275
-1355,-3817
828,-9390
-3126,-10657
3067,-253
1259,-1617
-2684,-3384
-3337,-10939
8226,7373
1009,-1657
-9849,3459
9890,3926
5784,6037
2095,2022
-3673,-453
-3985,4506
8100,5053
-6123,-9156
2091,626
9398,5719
-2935,1979
3604,-6662
-5547,-176
-12025,2154
-4316,4106
-5649,-3436
-3842,437
2322,-3493
8866,3030
3649,11854
-10622,-193
-2818,3927
4473,5676
-1886,-3486
-4838,1850
2294,8528
5701,7548
-7833,-5654
10503,815
-6008,-7480
-695,-7965
-8863,-6988
-409,11056
7257,-5813
-9987,-9034
-12588,3309
5073,7453
-1099,-2220
7089,-3359
10492,-10870
-8266,705
-2362,9976
9565,-34
4258,8754
6245,873
5729,9541
-9068,593
-9303,1236
-837,-10423
14052,-1145
-458,6162
2793,-1857
5049,-1765
-3498,-1840
-1586,461
-418,-5651
-10073,-900
-5588,-3116
5307,9991
5211,-2131
-4985,11204
-6386,-3623
5973,-4232
7273,-5295
-13499,-4941
4920,-3844
3638,-501
988,-4305
3834,1897
-1503,-6179
-8689,15368
3844,-1825
-3531,-3634
-1937,3514
-6323,1296
11884,-2460
-5720,-1816
-6694,-4830
-6642,4670
-2225,1228
-1510,8491
-3738,-2564
6473,1995
1496,-558
-2673,-5118
5045,3645
6146,-342
-7315,6707
-1485,-2958
-496,-1230
2753,-2767
1314,-2045
7760,977
4697,-10971
-4117,2109
1735,2253
10827,-13550
-3418,-6294
-2499,-11398
519,2174
792,2062
5511,-1763
4876,-850
-13293,-11654
-356,-7759
627,-2258
-8150,2762
-1908,-3848
-13141,3373
2300,1939
8949,6921
-2368,-2178
-2953,-176
-6087,-3934
-1334,-8569
1860,1362
5067,-2599
-2858,-9330
8462,5502
3797,16593
2167,7035
9352,4977
-13605,5472
-10110,4582
-2816,-7276
5862,6061
-6924,6135
793,-575
761,-12573
960,-5686
-2603,2073
2560,3425
-1054,-2281
7640,-5213
8279,-7395
5819,8919
-1745,3433
7184,-2952
443,-2923
3088,-1198
-8651,4266
-3795,-1591
-1288,3988
4581,6518
3410,-2859
-383,900
-9779,-6135
-1887,-92
-3747,8535
8322,-891
-2711,3275
2254,2299
-6010,226
-5729,-7394
1549,-6803
2457,351
10354,2749
3361,218
4212,5735
5986,6910
-11188,1512
-7671,503
2498,-14023
-4118,1493
-10356,1265
-6853,14014
-5851,4010
10766,-8846
-8782,5544
-7285,807
-3215,7335
-3528,-6727
-5259,3935
-8463,3781
7321,1529
-3260,3848
-1308,5238
-1946,-6362
-5214,-38
2002,4066
-10257,1248
603,-2611
-121,-7889
1668,-35
128,1547
1036,-8784
1876,-632
-589,-6019
2160,5411
15810,4231
-1418,-248
-9252,3499
-8351,-5512
1721,3265
-7629,-4643
2972,2820
-7362,3514
-367,13929
15918,10895
6956,2877
5024,2415
-3069,-1967
-3064,-2807
912,6055
-7025,1184
-1505,-3086
-6404,-3743
393,-3713
-3798,2499
4292,-2728
3859,6276
4759,7778
-5855,9961
4579,4235
942,2701
6826,541
-1578,-8779
3968,251
-1178,-1893
12193,181
8962,-4583
-1728,-700
4649,-3553
2778,-2540
-3193,3384
-10694,-3018
2649,-571
-5681,3957
-3736,3917
-9301,-346
-2067,6097
-3565,2579
-927,6345
-6774,-6119
11137,6087
5123,-6185
-5605,-10406
-1429,-1448
11445,1124
3495,8064
3751,5500
5452,4628
-6250,-9788
-358,562
14931,-12575
-2258,-3329
1309,1148
-527,7493
-3170,292
1807,4403
-12805,2054
3519,-2476
-10778,1557
1079,-2182
5949,2871
-7157,-6588
-2934,7645
-8642,1912
3256,1904
5757,2559
3371,-6432
-4200,10708
7856,-5572
12802,-2592
-2856,-10383
-1991,13222
-3526,6612
14965,-5544
2913,-7215
-6148,-5427
-3611,646
5037,-342
2657,1591
-10,-242
-11617,-2835
10267,1852
4728,3310
10261,11049
3691,-6505
5182,6512
3545,-3502
-9873,6583
1526,-6463
3419,-10286
-2415,993
-3028,2436
2339,4
2976,-697
1731,-8878
3478,-9074
11790,-7503
-320,-647
-2390,-704
6192,7587
-5363,-6633
-7199,434
4525,1722
827,-4265
1885,11541
7303,-9275
2967,9058
7027,-5445
5545,-1007
-4575,12370
-11173,5689
1883,-2056
-5387,-1866
-4944,-1663
6462,-6586
1569,-1924
4536,1849
-1910,2199
4355,3842
-4052,9524
-2790,-8212
-1641,-6967
-2584,-2242
-7980,-7032
-3150,-6433
1758,7149
-6841,-4633
9997,7351
-1491,899
-9565,-958
7553,-5379
2737,4541
-7011,10298
-3329,-183
-4184,2982
-6274,-12087
-6314,-10795
7206,-1124
1283,-2976
-67,2232
-8250,-4900
5899,-3352
-4679,3753
-3447,73
-10221,-6275
1002,-8122
-3284,5759
1625,3101
-3968,-844
2731,-8589
6187,2222
-231,-5263
-8838,5623
-4090,4510
-7199,-6993
3818,6375
-4384,937
5356,-2136
-2877,565
1425,-1839
6892,3600
-262,-4340
1316,9216
222,-458
-713,-3352
9832,2387
-5820,1933
-991,-2323
10534,2834
-3665,-9828
-2131,6434
5738,-9102
-4553,3505
267,1523
8058,-5138
-1050,12156
-4011,-1646
-1331,-5009
12297,-2982
605,-6407
-1085,2095
-2383,429
11238,-6080
-3375,2297
5584,-3906
-5286,2026
-3250,2945
6443,3037
-682,3471
5615,-2471
-3759,211
-6263,-5374
10,8553
4571,7929
8284,1700
1891,4702
-3767,2438
-519,-4386
6264,2064
4417,-1902
-5799,2938
-5301,-10943
3881,-2970
5030,-708
-3610,4494
11785,-407
-7196,92
-3117,-13076
-6021,962
-7320,12208
1788,-2484
3184,4647
-7744,-5036
-12308,7198
4172,-5655
-1641,1703
-5195,6740
2605,-4828
-1919,7669
-7458,-7086
-2381,151
-2996,-4057
3617,-2896
368,-1910
-2070,5859
2834,8830
-1317,-2650
11028,-7290
-3448,1154
29,2329
-4290,5839
1160,-2441
3577,6183
-3780,8575
14155,11641
836,1044
-2482,-10189
1977,-422
2345,-4044
1371,10426
2218,-574
3698,-752
-7100,-9800
1133,7769
-7780,6659
7790,-5438
2316,-8674
-723,162
-4256,-72
5603,-14371
-3965,12013
5182,-5464
4969,425
381,497
3135,2894
-3951,1516
2108,-3601
-5384,4114
1336,-2453
-4235,2620
-7322,-9752
-11692,3754
-8701,6718
1248,9219
637,4395
-11292,-1341
263,688
-124,-579
7376,3304
-6736,-10119
-7811,-5901
4649,-7967
7221,-2094
-1914,1619
226,4048
-6133,3081
-6198,3207
6740,5992
1717,3782
-8007,2310
-6863,-5612
-12271,-3439
1377,5820
3339,1796
6267,-4601
-1118,4813
1972,-2105
-15122,-228
4008,-4294
-9281,-1285
3843,6835
-8817,-1415
-300,2908
3478,2717
390,3332
-1163,-10420
7285,-5461
-874,-8795
2890,-6324
-6327,-1512
-1391,-4527
-7496,-1485
4246,8966
-1014,-1270
-5350,-187
-5624,-233
7310,487
4039,1238
-1474,6415
2420,2364
5792,8896
2618,8729
-254,4103
-1123,-12984
7177,215
-737,307
4738,3302
-3218,3411
4112,8387
-1835,3268
-4576,-5906
4945,10923
-13094,-7592
-6888,-2263
-449,-2222
-3996,-2611
-1814,2190
830,8488
-99,-4750
1030,6127
-7022,-11990
442,2728
-6465,9691
-7445,-3790
8275,-2021
-8146,5715
5425,-474
-2297,15402
6186,601
-9078,-7314
2311,-6331
949,5291
2856,-775
7369,625
-1984,-3041
9043,6869
-3578,-1008
-1864,-3658
2197,-3876
-4030,-3169
-9228,14084
6156,2334
-5442,-15492
2723,-4396
116,-3711
7791,5177
3874,-10783
-6075,647
8826,3146
8695,148
8355,-5473
7231,-8711
-225,5272
-664,2787
2050,-4200
3822,-6041
7608,1160
-3017,-7199
2387,-3443
1543,9715
-2263,1224
8442,-9411
2167,4690
4814,-87
3262,-3046
6162,10418
1487,8149
2761,-2390
-1112,-5844
8254,-5942
-1127,2195
-1126,-2218
4770,3446
2019,-6498
-3992,-4215
-5338,-1181
-1985,-245
9136,7520
10502,13928
-2216,-2832
4073,744
3139,1145
-6464,-3767
2503,-2761
-7493,-2147
2436,-7723
6230,2866
1314,6353
767,1323
-272,-2410
-3234,5892
4074,-186
-3025,4565
9474,5351
3472,6784
4972,-6320
-5220,1793
-6749,-4548
-4422,6639
-3996,2983
513,1613
-498,6148
10,-277
-3451,-3823
-12937,9306
-3474,-2468
-362,-4228
11083,-8372
-2367,-2183
-7439,-708
-7119,-3223
533,-773
-4338,2904
1315,-6186
-1475,3750
-1482,7991
-2513,-4723
1271,6981
-95,3692
3395,-2365
1911,3800
13493,-1612
1379,-4617
3714,-8979
-4046,5073
7149,971
10771,5169
1831,1157
-3669,-1977
15639,7879
517,582
-9430,-4616
2501,5535
-1985,-664
-3403,8007
1111,-3597
11206,3501
-8747,-5642
-8189,-16438
1684,5223
17358,-4782
-3101,-3653
-3754,1086
1365,1277
-2050,-736
3667,-1574
-407,-675
1490,-5953
-4709,6604
2325,-11248
2176,-1504
-2059,-6643
5948,-6305
1391,-2090
7491,3336
658,-9764
-6761,11191
-2264,243
1406,-2211
-4338,6152
7966,9756
-4612,4125
4175,-1740
-7,-6998
2616,-5369
-6665,2626
14442,-4924
-4565,609
-3293,2219
-4477,-4657
7233,42
3051,4758
5063,147
-3191,-4931
-1555,5945
8120,5297
-11692,-3838
-1567,-7771
-12185,5318
-7208,-1824
-1696,-5303
-9755,5306
-720,2764
2421,1922
-676,5141
-1363,-3134
-1518,-771
-12990,292
4322,11675
3795,4667
9012,6308
-716,5721
3551,1559
2634,-1406
-3050,-1087
765,-1459
7305,-12659
4933,-5838
-10525,-1893
4187,9730
-994,-5774
-2956,-1381
-4088,932
8790,4335
-12352,3259
-5051,6234
8,-4821
-2999,-7332
11264,-9244
-2750,-4295
-8489,-6646
-3894,256
-2549,4105
-9246,-3466
-2981,-802
-10081,-569
-8137,3320
8652,-1671
-431,-7684
-4052,1050
-1257,-7406
-329,-8931
-3093,-5290
-579,1249
6576,10224
-7389,5993
-3851,6465
5546,-3190
5677,7603
-3223,-4791
2070,7209
-564,-2421
-5186,-951
-881,4317
-261,-196
1993,3252
-2715,4187
-2865,1806
5408,-563
5907,-4043
4553,1965
2987,-8145
898,106
-138,74
4113,9607
-16152,1139
-6976,-498
-855,11256
-1917,729
-12080,-7231
-3369,8935
3603,-746
475,6510
-1719,7304
1655,-5869
-10717,7241
1621,3504
5716,-2155
-7501,7818
6423,197
-3249,-8642
-6185,4498
-10630,-2188
6430,-1674
-2521,480
-5605,835
-3518,-1748
-6409,8565
2595,-5779
-1313,-260
-3092,4308
-6112,250
2023,4659
-10807,5530
-936,7861
8305,6481
-1873,-3133
377,-473
8292,1891
5949,-15813
-11512,-5861
-4051,550
8683,2546
999,-14361
-4896,-9418
4747,-3305
6024,-2209
-4004,7350
-6768,591
-6618,4138
-5450,451
-342,5378
-3918,-1601
5116,-6615
4564,1066
13960,6613
-4090,-1338
-4084,4112
-759,-4261
-5086,1989
-1282,5707
10839,1217
-3534,-8753
2306,7384
-3908,-10988
7127,-2553
-3532,475
2091,3030
-2040,49
-7060,2465
7072,-10261
-241,-9335
7956,502
5469,5306
-3900,-7147
-4664,-4505
